referer,status,url
https://ht.wikipedia.org/w/index.php?title=Diskisyon_Itilizat%C3%A8:0x142857&action=edit&redlink=1,404,https://ht.wikipedia.org/wiki/Espesyal:SakLye/Diskisyon_Itilizat%C3%A8:0x142857
https://zh-yue.wikipedia.org/wiki/%E7%B6%AD%E5%9F%BA%E7%99%BE%E7%A7%91%E4%B8%80%E8%A6%BD,404,https://ja.wikipedia.org/wiki/Specl:Listadmins
https://min.wikipedia.org/w/index.php?title=Bahasa_Hoti&action=edit&redlink=1,404,https://min.wikipedia.org/w/index.php?title=Bahasa_Hoti&veaction=edit
https://min.wikipedia.org/w/index.php?title=Bahasa_Betaf&action=edit&redlink=1,404,https://min.wikipedia.org/wiki/Bahasa_Betaf
https://min.wikipedia.org/wiki/Istimewa:PautanBaliak/Bahasa_Yaqay,404,https://min.wikipedia.org/w/index.php?title=Istimewa:PautanBaliak&target=Bahaso-bahaso+di+Indonesia
https://min.wikipedia.org/w/index.php?title=Istimewa:PautanBaliak&target=Bahaso+Karo,404,https://min.wikipedia.org/w/index.php?title=Istimewa:PautanBaliak&target=Baso+Karo
https://scn.wikipedia.org/wiki/Panarea,404,https://scn.wikipedia.org/wiki/Wikipedia:Avvirtenzi_ginirali
https://en.m.wikipedia.org/wiki/Selinunte,404,https://en.m.wikipedia.org/wiki/Temple_G_(Selinus)
https://id.wikipedia.org/wiki/Istimewa:Sumber_buku/9780415107587,404,https://id.wikipedia.org/wiki/Wikipedia:Daftar_bibliografi
https://bn.wikipedia.org/w/index.php?title=%E0%A6%AC%E0%A7%8D%E0%A6%AF%E0%A6%AC%E0%A6%B9%E0%A6%BE%E0%A6%B0%E0%A6%95%E0%A6%BE%E0%A6%B0%E0%A7%80_%E0%A6%86%E0%A6%B2%E0%A6%BE%E0%A6%AA:42.111.141.71&action=edit&redlink=1,404,https://bn.wikipedia.org/wiki/%E0%A6%AC%E0%A6%BF%E0%A6%B6%E0%A7%87%E0%A6%B7:%E0%A6%B8%E0%A6%82%E0%A6%AF%E0%A7%8B%E0%A6%97%E0%A6%95%E0%A6%BE%E0%A6%B0%E0%A7%80_%E0%A6%AA%E0%A7%83%E0%A6%B7%E0%A7%8D%E0%A6%A0%E0%A6%BE%E0%A6%B8%E0%A6%AE%E0%A7%82%E0%A6%B9/%E0%A6%AC%E0%A7%8D%E0%A6%AF%E0%A6%AC%E0%A6%B9%E0%A6%BE%E0%A6%B0%E0%A6%95%E0%A6%BE%E0%A6%B0%E0%A7%80_%E0%A6%86%E0%A6%B2%E0%A6%BE%E0%A6%AA:42.111.141.71
https://bn.wikipedia.org/w/index.php?title=%E0%A6%AC%E0%A7%8D%E0%A6%AF%E0%A6%AC%E0%A6%B9%E0%A6%BE%E0%A6%B0%E0%A6%95%E0%A6%BE%E0%A6%B0%E0%A7%80:42.111.141.71&action=edit&redlink=1,404,https://bn.wikipedia.org/wiki/%E0%A6%AC%E0%A6%BF%E0%A6%B6%E0%A7%87%E0%A6%B7:%E0%A6%B8%E0%A6%82%E0%A6%AF%E0%A7%8B%E0%A6%97%E0%A6%95%E0%A6%BE%E0%A6%B0%E0%A7%80_%E0%A6%AA%E0%A7%83%E0%A6%B7%E0%A7%8D%E0%A6%A0%E0%A6%BE%E0%A6%B8%E0%A6%AE%E0%A7%82%E0%A6%B9/%E0%A6%AC%E0%A7%8D%E0%A6%AF%E0%A6%AC%E0%A6%B9%E0%A6%BE%E0%A6%B0%E0%A6%95%E0%A6%BE%E0%A6%B0%E0%A7%80:42.111.141.71
https://en.m.wikipedia.org/wiki/Deuterocanonical_books,404,https://en.m.wikipedia.org/wiki/Karen_H._Jobes
https://bn.m.wikipedia.org/w/index.php?title=%E0%A6%89%E0%A6%87%E0%A6%95%E0%A6%BF%E0%A6%9F%E0%A7%87%E0%A6%95%E0%A7%8D%E0%A6%B8%E0%A6%9F&action=edit&redlink=1,404,https://bn.wikipedia.org/wiki/%E0%A6%89%E0%A6%87%E0%A6%95%E0%A6%BF%E0%A6%9F%E0%A7%87%E0%A6%95%E0%A7%8D%E0%A6%B8%E0%A6%9F
https://bn.wikipedia.org/wiki/%E0%A6%89%E0%A6%87%E0%A6%95%E0%A6%BF%E0%A6%9F%E0%A7%87%E0%A6%95%E0%A7%8D%E0%A6%B8%E0%A6%9F,404,https://bn.m.wikipedia.org/w/index.php?title=%E0%A6%89%E0%A6%87%E0%A6%95%E0%A6%BF%E0%A6%9F%E0%A7%87%E0%A6%95%E0%A7%8D%E0%A6%B8%E0%A6%9F&mobileaction=toggle_view_mobile
https://en.m.wikipedia.org/wiki/Grenade,404,https://en.m.wikipedia.org/wiki/Thomas_Gersbeck
https://en.m.wikipedia.org/wiki/Osprey_Publishing,404,https://en.m.wikipedia.org/wiki/Duncan_Baird_Publishers
https://en.m.wikipedia.org/wiki/102nd_Reconnaissance_Battalion_of_General_Karel_Pale%C4%8Dek,404,https://en.m.wikipedia.org/wiki/53rd_Regiment_of_Reconnaissance_and_Electronic_Warfare
https://en.m.wikipedia.org/wiki/102nd_Reconnaissance_Battalion_of_General_Karel_Pale%C4%8Dek,404,https://en.m.wikipedia.org/wiki/Karel_Pale%C4%8Dek
https://en.m.wikipedia.org/wiki/53rd_Regiment_of_Reconnaissance_and_Electronic_Warfare,404,https://en.wikipedia.org/wiki/53rd_Regiment_of_Reconnaissance_and_Electronic_Warfare
https://en.m.wikipedia.org/wiki/53rd_Regiment_of_Reconnaissance_and_Electronic_Warfare,404,https://en.wikipedia.org/w/index.php?title=53rd_Regiment_of_Reconnaissance_and_Electronic_Warfare&mobileaction=toggle_view_desktop
https://en.wikipedia.org/wiki/B92,404,https://en.wikipedia.org/wiki/Svetlana_Vukovi%C4%87
https://en.wikipedia.org/wiki/B92,404,https://en.wikipedia.org/wiki/Internationale_Medienhilfe
https://en.wikipedia.org/wiki/United_States_Supreme_Court,404,https://en.wikipedia.org/wiki/Supreme_Court_of_Northern_America
https://en.wikipedia.org/wiki/Special:WhatLinksHere/Segal%E2%80%93Cover_score,404,https://en.wikipedia.org/w/index.php?title=Special:WhatLinksHere&target=User%3ARobertBDurham%2FBooks%2FPI
https://en.wikipedia.org/wiki/United_States_Supreme_Court,404,https://en.wikipedia.org/wiki/Supreme_Court_of_Caribbean
https://en.wikipedia.org/wiki/United_States_Supreme_Court,404,https://en.wikipedia.org/wiki/Supreme_Court_of_Central_America
https://zh.wikipedia.org/wiki/%E7%8F%8D%E7%8F%A0%E6%B8%AF%E4%BA%8B%E4%BB%B6,404,https://zh.wikipedia.org/wiki/%E7%BD%97%E9%A9%AC%E5%B0%BC%E4%BA%9A%E5%8F%8D%E5%85%B1%E6%8A%B5%E6%8A%97%E8%BF%90%E5%8A%A8
https://en.wikipedia.org/wiki/List_of_LGBT-related_films_directed_by_women,404,https://en.wikipedia.org/wiki/Rome_%26_Juliet_(2006_film)
https://en.wikipedia.org/wiki/List_of_LGBT-related_films_directed_by_women,404,https://en.wikipedia.org/wiki/November_Moon_(1985_film)
https://en.wikipedia.org/wiki/List_of_LGBT-related_films_directed_by_women,404,https://en.wikipedia.org/wiki/Nocturne_(1990_film)
https://en.wikipedia.org/wiki/List_of_LGBT-related_films_directed_by_women,404,https://en.wikipedia.org/wiki/Running_on_Empty_Dreams_(2009_film)
https://en.wikipedia.org/wiki/Coffs_Harbour,404,https://en.wikipedia.org/wiki/Satellite_suburb
"https://en.wikipedia.org/wiki/Tinonee,_New_South_Wales",404,"https://en.wikipedia.org/wiki/Curricabark,_New_South_Wales"
"https://en.wikipedia.org/wiki/Tinonee,_New_South_Wales",404,"https://en.wikipedia.org/wiki/Cundle_Flat,_New_South_Wales"
"https://en.wikipedia.org/wiki/Tinonee,_New_South_Wales",404,"https://en.wikipedia.org/wiki/Cureeki_Creek,_New_South_Wales"
"https://en.wikipedia.org/wiki/Tinonee,_New_South_Wales",404,"https://en.wikipedia.org/wiki/Dewitt,_New_South_Wales"
"https://en.wikipedia.org/wiki/Tinonee,_New_South_Wales",404,"https://en.wikipedia.org/wiki/Crowdy_Head,_New_South_Wales"
https://no.wikipedia.org/wiki/Townsville,404,https://no.wikipedia.org/wiki/Spesial:Relaterte_endringer/Townsville
https://en.wikipedia.org/wiki/Special:RecentChangesLinked/User_talk:139.117.10.100,404,https://en.wikipedia.org/w/index.php?title=Special:RecentChangesLinked&from=20200905120352&fromFormatted=12%3A03%2C+5+September+2020&target=User_talk%3A139.117.10.100
https://en.wikipedia.org/wiki/Walter_Freeman_(neurologist),404,https://en.wikipedia.org/wiki/Orthopedic_Hospital
https://en.wikipedia.org/w/index.php?title=Special:RecentChangesLinked&from=20200905120352&fromFormatted=12%3A03%2C+5+September+2020&target=User_talk%3A139.117.10.100,404,https://en.m.wikipedia.org/w/index.php?title=Special:RecentChangesLinked&from=20200905120352&fromFormatted=12%3A03%2C+5+September+2020&target=User_talk%3A139.117.10.100
https://en.wikipedia.org/w/index.php?title=Special:RecentChangesLinked&from=20200905120352&fromFormatted=12%3A03%2C+5+September+2020&target=User_talk%3A139.117.10.100,404,https://en.wikipedia.org/wiki/Special:RecentChangesLinked
https://en.wikipedia.org/wiki/2008_U.S._Open_Golf_Championship,404,https://en.wikipedia.org/wiki/Chris_Devlin_(golfer)
https://en.wikipedia.org/wiki/Calbert_Cheaney,404,https://en.wikipedia.org/wiki/Noel_Gillespie
https://en.wikipedia.org/wiki/Calbert_Cheaney,404,https://en.wikipedia.org/wiki/Mark_Ogden_Jr.
https://en.wikipedia.org/wiki/Calbert_Cheaney,404,https://en.wikipedia.org/wiki/Yassen_Khan
https://en.wikipedia.org/wiki/Calbert_Cheaney,404,https://en.wikipedia.org/wiki/Sam_Newman-Beck
https://en.wikipedia.org/wiki/Calbert_Cheaney,404,https://en.wikipedia.org/wiki/Sanjay_Lumpkin
https://en.wikipedia.org/wiki/Calbert_Cheaney,404,https://en.wikipedia.org/wiki/Mfon_Udofia
https://en.wikipedia.org/wiki/Lionel_Simmons,404,https://en.wikipedia.org/wiki/Demond_Stewart
https://zh.wikipedia.org/wiki/%E5%85%8B%E9%87%8C%E6%96%AF%E8%92%82%E5%AE%89%C2%B7%E8%8E%B1%E7%89%B9%E7%BA%B3,404,https://zh.wikipedia.org/wiki/Template_talk:1990%E5%B9%B4%E7%94%B7%E7%AF%AE%E4%B8%96%E9%94%A6%E8%B5%9B%E7%BE%8E%E5%9B%BD%E9%98%9F%E9%98%B5%E5%AE%B9
https://zh.wikipedia.org/w/index.php?title=Basketball_Bundesliga&action=edit&redlink=1,404,https://zh.wikipedia.org/zh-hk/Basketball_Bundesliga
https://en.wikipedia.org/wiki/KK_Cedevita,404,https://en.wikipedia.org/wiki/Sre%C4%87ko_Medvedec
https://en.wikipedia.org/wiki/2017%E2%80%9318_EuroCup_Basketball,404,https://en.wikipedia.org/wiki/2017%E2%80%9318_Azerbaijan_Basketball_League
https://en.wikipedia.org/wiki/2018_Women%27s_LEN_Super_Cup,404,https://en.wikipedia.org/wiki/Bella_Khamzaeva
https://gl.m.wikipedia.org/wiki/Especial:Etiquetas,404,https://gl.m.wikipedia.org/w/index.php?title=Especial:Cambios_recentes&tagfilter=campaign-external-machine-translation
https://zh.wikipedia.org/w/index.php?title=Lorrain_dialect&action=edit&redlink=1,404,https://zh.wikipedia.org/zh-hans/Lorrain_dialect
https://zh.wikipedia.org/w/index.php?title=Lorrain_dialect&action=edit&redlink=1,404,https://zh.wikipedia.org/zh/Lorrain_dialect
https://zh.wikipedia.org/zh-hans/Lorrain_dialect,404,https://zh.m.wikipedia.org/w/index.php?title=Lorrain_dialect&variant=zh-hans&mobileaction=toggle_view_mobile
https://zh.wikipedia.org/zh/Lorrain_dialect,404,https://zh.m.wikipedia.org/w/index.php?title=Lorrain_dialect&variant=zh&mobileaction=toggle_view_mobile
https://rw.wikipedia.org/wiki/Burayi,404,https://rw.wikipedia.org/wiki/Wikipedia:General_disclaimer
https://sr.m.wikipedia.org/w/index.php?title=%D0%A6%D1%80%D0%BD%D0%B0_%D1%80%D0%B5%D0%BA%D0%B0_(%D0%BE%D0%B1%D0%BB%D0%B0%D1%81%D1%82)&action=edit&redlink=1,404,https://sr.wikipedia.org/wiki/%D0%A6%D1%80%D0%BD%D0%B0_%D1%80%D0%B5%D0%BA%D0%B0_(%D0%BE%D0%B1%D0%BB%D0%B0%D1%81%D1%82)
https://sr.m.wikipedia.org/w/index.php?title=%D0%A0%D0%B0%D0%B7%D0%B3%D0%BE%D0%B2%D0%BE%D1%80_%D0%BE_%D1%88%D0%B0%D0%B1%D0%BB%D0%BE%D0%BD%D1%83:%D0%92%D0%BB%D0%B0%D0%B4%D0%B0_%D0%90%D0%BD%D0%B5_%D0%91%D1%80%D0%BD%D0%B0%D0%B1%D0%B8%D1%9B&action=edit&redlink=1,404,https://sr.m.wikipedia.org/wiki/%D0%A0%D0%B0%D0%B7%D0%B3%D0%BE%D0%B2%D0%BE%D1%80_%D0%BE_%D1%88%D0%B0%D0%B1%D0%BB%D0%BE%D0%BD%D1%83:%D0%92%D0%BB%D0%B0%D0%B4%D0%B0_%D0%90%D0%BD%D0%B5_%D0%91%D1%80%D0%BD%D0%B0%D0%B1%D0%B8%D1%9B
https://sr.wikipedia.org/wiki/%D0%9F%D0%BE%D1%81%D0%B5%D0%B1%D0%BD%D0%BE:%D0%A1%D1%80%D0%BE%D0%B4%D0%BD%D0%B5%D0%98%D0%B7%D0%BC%D0%B5%D0%BD%D0%B5/%D0%9A%D0%9A_%D0%A6%D1%80%D0%B2%D0%B5%D0%BD%D0%B0_%D0%B7%D0%B2%D0%B5%D0%B7%D0%B4%D0%B0,404,https://sr.wikipedia.org/w/index.php?title=%D0%9F%D0%BE%D1%81%D0%B5%D0%B1%D0%BD%D0%BE:%D0%A1%D1%80%D0%BE%D0%B4%D0%BD%D0%B5%D0%98%D0%B7%D0%BC%D0%B5%D0%BD%D0%B5&from=20200905120854&fromFormatted=14%3A08%2C+5.+%D1%81%D0%B5%D0%BF%D1%82%D0%B5%D0%BC%D0%B1%D0%B0%D1%80+2020.&target=%D0%9A%D0%9A_%D0%A6%D1%80%D0%B2%D0%B5%D0%BD%D0%B0_%D0%B7%D0%B2%D0%B5%D0%B7%D0%B4%D0%B0
https://sr.m.wikipedia.org/w/index.php?title=%D0%91%D0%B8%D0%BB_%D0%A8%D0%B0%D1%80%D0%BC%D0%B0%D0%BD&action=edit&redlink=1,404,https://sr.wikipedia.org/wiki/%D0%91%D0%B8%D0%BB_%D0%A8%D0%B0%D1%80%D0%BC%D0%B0%D0%BD
https://sr.wikipedia.org/w/index.php?title=%D0%9F%D0%BE%D1%81%D0%B5%D0%B1%D0%BD%D0%BE:%D0%A1%D1%80%D0%BE%D0%B4%D0%BD%D0%B5%D0%98%D0%B7%D0%BC%D0%B5%D0%BD%D0%B5&hidenondamaging=1&target=%D0%9A%D0%9A_%D0%A6%D1%80%D0%B2%D0%B5%D0%BD%D0%B0_%D0%B7%D0%B2%D0%B5%D0%B7%D0%B4%D0%B0,404,https://sr.wikipedia.org/w/index.php?title=%D0%9F%D0%BE%D1%81%D0%B5%D0%B1%D0%BD%D0%BE:%D0%A1%D1%80%D0%BE%D0%B4%D0%BD%D0%B5%D0%98%D0%B7%D0%BC%D0%B5%D0%BD%D0%B5&from=20200905120857&fromFormatted=14%3A08%2C+5.+%D1%81%D0%B5%D0%BF%D1%82%D0%B5%D0%BC%D0%B1%D0%B0%D1%80+2020.&hidenondamaging=1&target=%D0%9A%D0%9A_%D0%A6%D1%80%D0%B2%D0%B5%D0%BD%D0%B0_%D0%B7%D0%B2%D0%B5%D0%B7%D0%B4%D0%B0
https://sr.wikipedia.org/w/index.php?title=%D0%9F%D0%BE%D1%81%D0%B5%D0%B1%D0%BD%D0%BE:%D0%A1%D1%80%D0%BE%D0%B4%D0%BD%D0%B5%D0%98%D0%B7%D0%BC%D0%B5%D0%BD%D0%B5&hidenondamaging=0&target=%D0%9A%D0%9A_%D0%A6%D1%80%D0%B2%D0%B5%D0%BD%D0%B0_%D0%B7%D0%B2%D0%B5%D0%B7%D0%B4%D0%B0,404,https://sr.wikipedia.org/w/index.php?title=%D0%9F%D0%BE%D1%81%D0%B5%D0%B1%D0%BD%D0%BE:%D0%A1%D1%80%D0%BE%D0%B4%D0%BD%D0%B5%D0%98%D0%B7%D0%BC%D0%B5%D0%BD%D0%B5&from=20200905120900&fromFormatted=14%3A09%2C+5.+%D1%81%D0%B5%D0%BF%D1%82%D0%B5%D0%BC%D0%B1%D0%B0%D1%80+2020.&target=%D0%9A%D0%9A_%D0%A6%D1%80%D0%B2%D0%B5%D0%BD%D0%B0_%D0%B7%D0%B2%D0%B5%D0%B7%D0%B4%D0%B0
https://sr.wikipedia.org/w/index.php?title=%D0%9F%D0%BE%D1%81%D0%B5%D0%B1%D0%BD%D0%BE:%D0%A1%D1%80%D0%BE%D0%B4%D0%BD%D0%B5%D0%98%D0%B7%D0%BC%D0%B5%D0%BD%D0%B5&from=20200905120900&fromFormatted=14%3A09%2C+5.+%D1%81%D0%B5%D0%BF%D1%82%D0%B5%D0%BC%D0%B1%D0%B0%D1%80+2020.&target=%D0%9A%D0%9A_%D0%A6%D1%80%D0%B2%D0%B5%D0%BD%D0%B0_%D0%B7%D0%B2%D0%B5%D0%B7%D0%B4%D0%B0,404,https://sr.m.wikipedia.org/w/index.php?title=%D0%9F%D0%BE%D1%81%D0%B5%D0%B1%D0%BD%D0%BE:%D0%A1%D1%80%D0%BE%D0%B4%D0%BD%D0%B5%D0%98%D0%B7%D0%BC%D0%B5%D0%BD%D0%B5&from=20200905120900&fromFormatted=14%3A09%2C+5.+%D1%81%D0%B5%D0%BF%D1%82%D0%B5%D0%BC%D0%B1%D0%B0%D1%80+2020.&target=%D0%9A%D0%9A_%D0%A6%D1%80%D0%B2%D0%B5%D0%BD%D0%B0_%D0%B7%D0%B2%D0%B5%D0%B7%D0%B4%D0%B0
https://sr.wikipedia.org/w/index.php?title=%D0%9F%D0%BE%D1%81%D0%B5%D0%B1%D0%BD%D0%BE:%D0%9E%D1%82%D0%B2%D0%BE%D1%80%D0%B8%D0%9D%D0%B0%D0%BB%D0%BE%D0%B3&uselang=nl&returnto=%D0%94%D0%B0%D1%80%D0%B2%D0%B8%D0%BD+%D0%A5%D0%B0%D0%BC&returntoquery=action%3Dedit%26redlink%3D1%26mobileaction%3Dtoggle_view_desktop,404,https://sr.wikipedia.org/wiki/%D0%92%D0%B8%D0%BA%D0%B8%D0%BF%D0%B5%D0%B4%D0%B8%D1%98%D0%B0:Request_an_account
https://sr.m.wikipedia.org/w/index.php?title=%D0%9F%D0%BE%D1%81%D0%B5%D0%B1%D0%BD%D0%BE:%D0%A1%D1%80%D0%BE%D0%B4%D0%BD%D0%B5%D0%98%D0%B7%D0%BC%D0%B5%D0%BD%D0%B5&from=20200905120900&fromFormatted=14%3A09%2C+5.+%D1%81%D0%B5%D0%BF%D1%82%D0%B5%D0%BC%D0%B1%D0%B0%D1%80+2020.&target=%D0%9A%D0%9A_%D0%A6%D1%80%D0%B2%D0%B5%D0%BD%D0%B0_%D0%B7%D0%B2%D0%B5%D0%B7%D0%B4%D0%B0,404,https://sr.m.wikipedia.org/w/index.php?title=%D0%9F%D0%BE%D1%81%D0%B5%D0%B1%D0%BD%D0%BE:%D0%A1%D1%80%D0%BE%D0%B4%D0%BD%D0%B5%D0%98%D0%B7%D0%BC%D0%B5%D0%BD%D0%B5&hideWikibase=0&from=20200905120900&target=%D0%9A%D0%9A_%D0%A6%D1%80%D0%B2%D0%B5%D0%BD%D0%B0_%D0%B7%D0%B2%D0%B5%D0%B7%D0%B4%D0%B0
https://sr.m.wikipedia.org/w/index.php?title=%D0%9F%D0%BE%D1%81%D0%B5%D0%B1%D0%BD%D0%BE:%D0%A1%D1%80%D0%BE%D0%B4%D0%BD%D0%B5%D0%98%D0%B7%D0%BC%D0%B5%D0%BD%D0%B5&from=20200905120900&fromFormatted=14%3A09%2C+5.+%D1%81%D0%B5%D0%BF%D1%82%D0%B5%D0%BC%D0%B1%D0%B0%D1%80+2020.&target=%D0%9A%D0%9A_%D0%A6%D1%80%D0%B2%D0%B5%D0%BD%D0%B0_%D0%B7%D0%B2%D0%B5%D0%B7%D0%B4%D0%B0,404,https://sr.m.wikipedia.org/w/index.php?title=%D0%9F%D0%BE%D1%81%D0%B5%D0%B1%D0%BD%D0%BE:%D0%A1%D1%80%D0%BE%D0%B4%D0%BD%D0%B5%D0%98%D0%B7%D0%BC%D0%B5%D0%BD%D0%B5&hidecategorization=0&from=20200905120900&target=%D0%9A%D0%9A_%D0%A6%D1%80%D0%B2%D0%B5%D0%BD%D0%B0_%D0%B7%D0%B2%D0%B5%D0%B7%D0%B4%D0%B0
https://sr.m.wikipedia.org/w/index.php?title=%D0%9F%D0%BE%D1%81%D0%B5%D0%B1%D0%BD%D0%BE:%D0%A1%D1%80%D0%BE%D0%B4%D0%BD%D0%B5%D0%98%D0%B7%D0%BC%D0%B5%D0%BD%D0%B5&hideWikibase=0&from=20200905120900&target=%D0%9A%D0%9A_%D0%A6%D1%80%D0%B2%D0%B5%D0%BD%D0%B0_%D0%B7%D0%B2%D0%B5%D0%B7%D0%B4%D0%B0,404,https://sr.m.wikipedia.org/w/index.php?title=%D0%9F%D0%BE%D1%81%D0%B5%D0%B1%D0%BD%D0%BE:%D0%A1%D1%80%D0%BE%D0%B4%D0%BD%D0%B5%D0%98%D0%B7%D0%BC%D0%B5%D0%BD%D0%B5&hidenondamaging=1&hideWikibase=0&from=20200905120900&target=%D0%9A%D0%9A_%D0%A6%D1%80%D0%B2%D0%B5%D0%BD%D0%B0_%D0%B7%D0%B2%D0%B5%D0%B7%D0%B4%D0%B0
https://sr.m.wikipedia.org/w/index.php?title=%D0%9F%D0%BE%D1%81%D0%B5%D0%B1%D0%BD%D0%BE:%D0%A1%D1%80%D0%BE%D0%B4%D0%BD%D0%B5%D0%98%D0%B7%D0%BC%D0%B5%D0%BD%D0%B5&hidecategorization=0&from=20200905120900&target=%D0%9A%D0%9A_%D0%A6%D1%80%D0%B2%D0%B5%D0%BD%D0%B0_%D0%B7%D0%B2%D0%B5%D0%B7%D0%B4%D0%B0,404,https://sr.m.wikipedia.org/w/index.php?title=%D0%9F%D0%BE%D1%81%D0%B5%D0%B1%D0%BD%D0%BE:%D0%A1%D1%80%D0%BE%D0%B4%D0%BD%D0%B5%D0%98%D0%B7%D0%BC%D0%B5%D0%BD%D0%B5&hideminor=1&hidecategorization=0&from=20200905120900&target=%D0%9A%D0%9A_%D0%A6%D1%80%D0%B2%D0%B5%D0%BD%D0%B0_%D0%B7%D0%B2%D0%B5%D0%B7%D0%B4%D0%B0
https://sr.m.wikipedia.org/w/index.php?title=%D0%9F%D0%BE%D1%81%D0%B5%D0%B1%D0%BD%D0%BE:%D0%A1%D1%80%D0%BE%D0%B4%D0%BD%D0%B5%D0%98%D0%B7%D0%BC%D0%B5%D0%BD%D0%B5&hidecategorization=0&from=20200905120900&target=%D0%9A%D0%9A_%D0%A6%D1%80%D0%B2%D0%B5%D0%BD%D0%B0_%D0%B7%D0%B2%D0%B5%D0%B7%D0%B4%D0%B0,404,https://sr.m.wikipedia.org/w/index.php?title=%D0%9F%D0%BE%D1%81%D0%B5%D0%B1%D0%BD%D0%BE:%D0%A1%D1%80%D0%BE%D0%B4%D0%BD%D0%B5%D0%98%D0%B7%D0%BC%D0%B5%D0%BD%D0%B5&from=20200905120905&fromFormatted=14%3A09%2C+5.+%D1%81%D0%B5%D0%BF%D1%82%D0%B5%D0%BC%D0%B1%D0%B0%D1%80+2020.&hidecategorization=0&target=%D0%9A%D0%9A_%D0%A6%D1%80%D0%B2%D0%B5%D0%BD%D0%B0_%D0%B7%D0%B2%D0%B5%D0%B7%D0%B4%D0%B0
https://sr.m.wikipedia.org/w/index.php?title=%D0%9F%D0%BE%D1%81%D0%B5%D0%B1%D0%BD%D0%BE:%D0%A1%D1%80%D0%BE%D0%B4%D0%BD%D0%B5%D0%98%D0%B7%D0%BC%D0%B5%D0%BD%D0%B5&hidecategorization=0&from=20200905120900&target=%D0%9A%D0%9A_%D0%A6%D1%80%D0%B2%D0%B5%D0%BD%D0%B0_%D0%B7%D0%B2%D0%B5%D0%B7%D0%B4%D0%B0,404,https://sr.m.wikipedia.org/w/index.php?title=%D0%9F%D0%BE%D1%81%D0%B5%D0%B1%D0%BD%D0%BE:%D0%A1%D1%80%D0%BE%D0%B4%D0%BD%D0%B5%D0%98%D0%B7%D0%BC%D0%B5%D0%BD%D0%B5&hidecategorization=1&from=20200905120900&target=%D0%9A%D0%9A_%D0%A6%D1%80%D0%B2%D0%B5%D0%BD%D0%B0_%D0%B7%D0%B2%D0%B5%D0%B7%D0%B4%D0%B0
https://sr.m.wikipedia.org/w/index.php?title=%D0%9F%D0%BE%D1%81%D0%B5%D0%B1%D0%BD%D0%BE:%D0%A1%D1%80%D0%BE%D0%B4%D0%BD%D0%B5%D0%98%D0%B7%D0%BC%D0%B5%D0%BD%D0%B5&hidecategorization=0&from=20200905120900&target=%D0%9A%D0%9A_%D0%A6%D1%80%D0%B2%D0%B5%D0%BD%D0%B0_%D0%B7%D0%B2%D0%B5%D0%B7%D0%B4%D0%B0,404,https://sr.m.wikipedia.org/w/index.php?title=%D0%9F%D0%BE%D1%81%D0%B5%D0%B1%D0%BD%D0%BE:%D0%A1%D1%80%D0%BE%D0%B4%D0%BD%D0%B5%D0%98%D0%B7%D0%BC%D0%B5%D0%BD%D0%B5&hidenondamaging=1&hidecategorization=0&from=20200905120900&target=%D0%9A%D0%9A_%D0%A6%D1%80%D0%B2%D0%B5%D0%BD%D0%B0_%D0%B7%D0%B2%D0%B5%D0%B7%D0%B4%D0%B0
https://sr.m.wikipedia.org/w/index.php?title=%D0%9F%D0%BE%D1%81%D0%B5%D0%B1%D0%BD%D0%BE:%D0%A1%D1%80%D0%BE%D0%B4%D0%BD%D0%B5%D0%98%D0%B7%D0%BC%D0%B5%D0%BD%D0%B5&hidecategorization=0&from=20200905120900&target=%D0%9A%D0%9A_%D0%A6%D1%80%D0%B2%D0%B5%D0%BD%D0%B0_%D0%B7%D0%B2%D0%B5%D0%B7%D0%B4%D0%B0,404,https://sr.m.wikipedia.org/w/index.php?title=%D0%9F%D0%BE%D1%81%D0%B5%D0%B1%D0%BD%D0%BE:%D0%A1%D1%80%D0%BE%D0%B4%D0%BD%D0%B5%D0%98%D0%B7%D0%BC%D0%B5%D0%BD%D0%B5&hidemyself=1&hidecategorization=0&from=20200905120900&target=%D0%9A%D0%9A_%D0%A6%D1%80%D0%B2%D0%B5%D0%BD%D0%B0_%D0%B7%D0%B2%D0%B5%D0%B7%D0%B4%D0%B0
https://sr.m.wikipedia.org/w/index.php?title=%D0%9F%D0%BE%D1%81%D0%B5%D0%B1%D0%BD%D0%BE:%D0%A1%D1%80%D0%BE%D0%B4%D0%BD%D0%B5%D0%98%D0%B7%D0%BC%D0%B5%D0%BD%D0%B5&hidecategorization=0&from=20200905120900&target=%D0%9A%D0%9A_%D0%A6%D1%80%D0%B2%D0%B5%D0%BD%D0%B0_%D0%B7%D0%B2%D0%B5%D0%B7%D0%B4%D0%B0,404,https://sr.m.wikipedia.org/w/index.php?title=%D0%9F%D0%BE%D1%81%D0%B5%D0%B1%D0%BD%D0%BE:%D0%A1%D1%80%D0%BE%D0%B4%D0%BD%D0%B5%D0%98%D0%B7%D0%BC%D0%B5%D0%BD%D0%B5&hidebots=0&hidecategorization=0&from=20200905120900&target=%D0%9A%D0%9A_%D0%A6%D1%80%D0%B2%D0%B5%D0%BD%D0%B0_%D0%B7%D0%B2%D0%B5%D0%B7%D0%B4%D0%B0
https://sr.m.wikipedia.org/w/index.php?title=%D0%9F%D0%BE%D1%81%D0%B5%D0%B1%D0%BD%D0%BE:%D0%A1%D1%80%D0%BE%D0%B4%D0%BD%D0%B5%D0%98%D0%B7%D0%BC%D0%B5%D0%BD%D0%B5&hidecategorization=0&from=20200905120900&target=%D0%9A%D0%9A_%D0%A6%D1%80%D0%B2%D0%B5%D0%BD%D0%B0_%D0%B7%D0%B2%D0%B5%D0%B7%D0%B4%D0%B0,404,https://sr.m.wikipedia.org/w/index.php?title=%D0%9F%D0%BE%D1%81%D0%B5%D0%B1%D0%BD%D0%BE:%D0%A1%D1%80%D0%BE%D0%B4%D0%BD%D0%B5%D0%98%D0%B7%D0%BC%D0%B5%D0%BD%D0%B5&userExpLevel=registered&hidecategorization=0&from=20200905120900&target=%D0%9A%D0%9A_%D0%A6%D1%80%D0%B2%D0%B5%D0%BD%D0%B0_%D0%B7%D0%B2%D0%B5%D0%B7%D0%B4%D0%B0
https://sr.wikipedia.org/wiki/%D0%A8%D0%B0%D0%B1%D0%BB%D0%BE%D0%BD:%D0%98%D0%9C%D0%94%D0%B1_%D0%B8%D0%BC%D0%B5/%D0%B4%D0%BE%D0%BA,404,https://sr.wikipedia.org/wiki/%D0%9F%D0%BE%D1%81%D0%B5%D0%B1%D0%BD%D0%BE:%D0%A1%D1%80%D0%BE%D0%B4%D0%BD%D0%B5%D0%98%D0%B7%D0%BC%D0%B5%D0%BD%D0%B5/%D0%A8%D0%B0%D0%B1%D0%BB%D0%BE%D0%BD:%D0%98%D0%9C%D0%94%D0%B1_%D0%B8%D0%BC%D0%B5/%D0%B4%D0%BE%D0%BA
https://sr.m.wikipedia.org/w/index.php?title=%D0%9F%D0%BE%D1%81%D0%B5%D0%B1%D0%BD%D0%BE:%D0%A1%D1%80%D0%BE%D0%B4%D0%BD%D0%B5%D0%98%D0%B7%D0%BC%D0%B5%D0%BD%D0%B5&hidecategorization=0&from=20200905120900&target=%D0%9A%D0%9A_%D0%A6%D1%80%D0%B2%D0%B5%D0%BD%D0%B0_%D0%B7%D0%B2%D0%B5%D0%B7%D0%B4%D0%B0,404,https://sr.m.wikipedia.org/w/index.php?title=%D0%9F%D0%BE%D1%81%D0%B5%D0%B1%D0%BD%D0%BE:%D0%A1%D1%80%D0%BE%D0%B4%D0%BD%D0%B5%D0%98%D0%B7%D0%BC%D0%B5%D0%BD%D0%B5&userExpLevel=unregistered&hidecategorization=0&from=20200905120900&target=%D0%9A%D0%9A_%D0%A6%D1%80%D0%B2%D0%B5%D0%BD%D0%B0_%D0%B7%D0%B2%D0%B5%D0%B7%D0%B4%D0%B0
https://sr.m.wikipedia.org/w/index.php?title=%D0%9F%D0%BE%D1%81%D0%B5%D0%B1%D0%BD%D0%BE:%D0%A1%D1%80%D0%BE%D0%B4%D0%BD%D0%B5%D0%98%D0%B7%D0%BC%D0%B5%D0%BD%D0%B5&hideminor=1&hidecategorization=0&from=20200905120900&target=%D0%9A%D0%9A_%D0%A6%D1%80%D0%B2%D0%B5%D0%BD%D0%B0_%D0%B7%D0%B2%D0%B5%D0%B7%D0%B4%D0%B0,404,https://sr.wikipedia.org/w/index.php?title=%D0%9F%D0%BE%D1%81%D0%B5%D0%B1%D0%BD%D0%BE:%D0%A1%D1%80%D0%BE%D0%B4%D0%BD%D0%B5%D0%98%D0%B7%D0%BC%D0%B5%D0%BD%D0%B5&hideminor=1&hidecategorization=0&from=20200905120900&target=%D0%9A%D0%9A_%D0%A6%D1%80%D0%B2%D0%B5%D0%BD%D0%B0_%D0%B7%D0%B2%D0%B5%D0%B7%D0%B4%D0%B0
https://sr.m.wikipedia.org/w/index.php?title=%D0%9F%D0%BE%D1%81%D0%B5%D0%B1%D0%BD%D0%BE:%D0%A1%D1%80%D0%BE%D0%B4%D0%BD%D0%B5%D0%98%D0%B7%D0%BC%D0%B5%D0%BD%D0%B5&hidebots=0&hidecategorization=0&from=20200905120900&target=%D0%9A%D0%9A_%D0%A6%D1%80%D0%B2%D0%B5%D0%BD%D0%B0_%D0%B7%D0%B2%D0%B5%D0%B7%D0%B4%D0%B0,404,https://sr.wikipedia.org/w/index.php?title=%D0%9F%D0%BE%D1%81%D0%B5%D0%B1%D0%BD%D0%BE:%D0%A1%D1%80%D0%BE%D0%B4%D0%BD%D0%B5%D0%98%D0%B7%D0%BC%D0%B5%D0%BD%D0%B5&hidebots=0&hidecategorization=0&from=20200905120900&target=%D0%9A%D0%9A_%D0%A6%D1%80%D0%B2%D0%B5%D0%BD%D0%B0_%D0%B7%D0%B2%D0%B5%D0%B7%D0%B4%D0%B0
https://sr.m.wikipedia.org/w/index.php?title=%D0%9F%D0%BE%D1%81%D0%B5%D0%B1%D0%BD%D0%BE:%D0%A1%D1%80%D0%BE%D0%B4%D0%BD%D0%B5%D0%98%D0%B7%D0%BC%D0%B5%D0%BD%D0%B5&days=14&from=&hidecategorization=0&target=%D0%9A%D0%9A_%D0%A6%D1%80%D0%B2%D0%B5%D0%BD%D0%B0_%D0%B7%D0%B2%D0%B5%D0%B7%D0%B4%D0%B0,404,https://sr.m.wikipedia.org/w/index.php?title=%D0%9F%D0%BE%D1%81%D0%B5%D0%B1%D0%BD%D0%BE:%D0%A1%D1%80%D0%BE%D0%B4%D0%BD%D0%B5%D0%98%D0%B7%D0%BC%D0%B5%D0%BD%D0%B5&from=20200905120908&fromFormatted=14%3A09%2C+5.+%D1%81%D0%B5%D0%BF%D1%82%D0%B5%D0%BC%D0%B1%D0%B0%D1%80+2020.&hidecategorization=0&days=14&target=%D0%9A%D0%9A_%D0%A6%D1%80%D0%B2%D0%B5%D0%BD%D0%B0_%D0%B7%D0%B2%D0%B5%D0%B7%D0%B4%D0%B0
https://sr.wikipedia.org/wiki/%D0%9C%D0%BE%D0%B4%D1%83%D0%BB:TimeAgo/doc,404,https://sr.wikipedia.org/wiki/%D0%9F%D0%BE%D1%81%D0%B5%D0%B1%D0%BD%D0%BE:%D0%A1%D1%80%D0%BE%D0%B4%D0%BD%D0%B5%D0%98%D0%B7%D0%BC%D0%B5%D0%BD%D0%B5/%D0%9C%D0%BE%D0%B4%D1%83%D0%BB:TimeAgo/%D0%B4%D0%BE%D0%BA
https://sr.m.wikipedia.org/w/index.php?title=%D0%9F%D0%BE%D1%81%D0%B5%D0%B1%D0%BD%D0%BE:%D0%9E%D1%82%D0%B2%D0%BE%D1%80%D0%B8%D0%9D%D0%B0%D0%BB%D0%BE%D0%B3&returnto=%D0%9C%D0%BE%D0%B4%D1%83%D0%BB:Labelled+list+hatnote&uselang=fr&campaign=loginCTA,404,https://sr.m.wikipedia.org/wiki/%D0%92%D0%B8%D0%BA%D0%B8%D0%BF%D0%B5%D0%B4%D0%B8%D1%98%D0%B0:Request_an_account
https://sr.m.wikipedia.org/wiki/%D0%92%D0%B8%D0%BA%D0%B8%D0%BF%D0%B5%D0%B4%D0%B8%D1%98%D0%B0:Request_an_account,404,https://sr.m.wikipedia.org/wiki/%D0%9F%D0%BE%D1%81%D0%B5%D0%B1%D0%BD%D0%BE:%D0%A8%D1%82%D0%B0%D0%92%D0%BE%D0%B4%D0%B8%D0%9E%D0%B2%D0%B4%D0%B5/%D0%92%D0%B8%D0%BA%D0%B8%D0%BF%D0%B5%D0%B4%D0%B8%D1%98%D0%B0:Request_an_account
https://sr.m.wikipedia.org/wiki/%D0%92%D0%B8%D0%BA%D0%B8%D0%BF%D0%B5%D0%B4%D0%B8%D1%98%D0%B0:Request_an_account,404,https://sr.wikipedia.org/w/index.php?title=%D0%92%D0%B8%D0%BA%D0%B8%D0%BF%D0%B5%D0%B4%D0%B8%D1%98%D0%B0:Request_an_account&mobileaction=toggle_view_desktop
https://sr.m.wikipedia.org/wiki/%D0%9F%D0%BE%D1%81%D0%B5%D0%B1%D0%BD%D0%BE:%D0%A8%D1%82%D0%B0%D0%92%D0%BE%D0%B4%D0%B8%D0%9E%D0%B2%D0%B4%D0%B5/%D0%92%D0%B8%D0%BA%D0%B8%D0%BF%D0%B5%D0%B4%D0%B8%D1%98%D0%B0:Request_an_account,404,https://sr.m.wikipedia.org/w/index.php?title=%D0%9F%D0%BE%D1%81%D0%B5%D0%B1%D0%BD%D0%BE:%D0%A8%D1%82%D0%B0%D0%92%D0%BE%D0%B4%D0%B8%D0%9E%D0%B2%D0%B4%D0%B5/%D0%92%D0%B8%D0%BA%D0%B8%D0%BF%D0%B5%D0%B4%D0%B8%D1%98%D0%B0:Request_an_account&hidetrans=1
https://sr.m.wikipedia.org/wiki/%D0%9F%D0%BE%D1%81%D0%B5%D0%B1%D0%BD%D0%BE:%D0%A8%D1%82%D0%B0%D0%92%D0%BE%D0%B4%D0%B8%D0%9E%D0%B2%D0%B4%D0%B5/%D0%92%D0%B8%D0%BA%D0%B8%D0%BF%D0%B5%D0%B4%D0%B8%D1%98%D0%B0:Request_an_account,404,https://sr.m.wikipedia.org/w/index.php?title=%D0%9F%D0%BE%D1%81%D0%B5%D0%B1%D0%BD%D0%BE:%D0%A8%D1%82%D0%B0%D0%92%D0%BE%D0%B4%D0%B8%D0%9E%D0%B2%D0%B4%D0%B5/%D0%92%D0%B8%D0%BA%D0%B8%D0%BF%D0%B5%D0%B4%D0%B8%D1%98%D0%B0:Request_an_account&hidelinks=1
https://sr.m.wikipedia.org/wiki/%D0%9F%D0%BE%D1%81%D0%B5%D0%B1%D0%BD%D0%BE:%D0%A8%D1%82%D0%B0%D0%92%D0%BE%D0%B4%D0%B8%D0%9E%D0%B2%D0%B4%D0%B5/%D0%92%D0%B8%D0%BA%D0%B8%D0%BF%D0%B5%D0%B4%D0%B8%D1%98%D0%B0:Request_an_account,404,https://sr.m.wikipedia.org/w/index.php?title=%D0%9F%D0%BE%D1%81%D0%B5%D0%B1%D0%BD%D0%BE:%D0%A8%D1%82%D0%B0%D0%92%D0%BE%D0%B4%D0%B8%D0%9E%D0%B2%D0%B4%D0%B5/%D0%92%D0%B8%D0%BA%D0%B8%D0%BF%D0%B5%D0%B4%D0%B8%D1%98%D0%B0:Request_an_account&hideredirs=1
https://sr.m.wikipedia.org/w/index.php?title=%D0%9F%D0%BE%D1%81%D0%B5%D0%B1%D0%BD%D0%BE:%D0%A8%D1%82%D0%B0%D0%92%D0%BE%D0%B4%D0%B8%D0%9E%D0%B2%D0%B4%D0%B5/%D0%92%D0%B8%D0%BA%D0%B8%D0%BF%D0%B5%D0%B4%D0%B8%D1%98%D0%B0:Request_an_account&hidetrans=1,404,https://sr.wikipedia.org/w/index.php?title=%D0%9F%D0%BE%D1%81%D0%B5%D0%B1%D0%BD%D0%BE:%D0%A8%D1%82%D0%B0%D0%92%D0%BE%D0%B4%D0%B8%D0%9E%D0%B2%D0%B4%D0%B5/%D0%92%D0%B8%D0%BA%D0%B8%D0%BF%D0%B5%D0%B4%D0%B8%D1%98%D0%B0:Request_an_account&hidetrans=1
https://sl.wikipedia.org/wiki/Predloga:Str_rightc,404,https://la.wikipedia.org/wiki/Formula:Str_rightc
https://sl.wikipedia.org/wiki/Predloga:Str_rightc,404,https://sl.wikipedia.org/wiki/Posebno:RecentChangesLinked/Predloga:Str_rightc
https://sl.wikipedia.org/wiki/Posebno:RecentChangesLinked/Predloga:Str_rightc,404,https://sl.m.wikipedia.org/wiki/Posebno:RecentChangesLinked/Predloga:Str_rightc
https://bs.wikipedia.org/wiki/Kategorija:%C5%A0abloni_za_boju_teksta,404,https://bs.wikipedia.org/wiki/Posebno:PovezaneNedavneIzmjene/Kategorija:%C5%A0abloni_za_boju_teksta
https://sr.m.wikipedia.org/w/index.php?title=Latini%C4%8Dka_slova&action=edit&redlink=1,404,https://sr.wikipedia.org/wiki/Latini%C4%8Dka_slova
https://bs.m.wikipedia.org/w/index.php?title=Mustafa_Mujaga_Komadina&action=edit&redlink=1,404,https://bs.wikipedia.org/wiki/Mustafa_Mujaga_Komadina
https://fj.wikipedia.org/wiki/Ivakatagi_iyaya,404,https://fj.wikipedia.org/wiki/Wikipedia:About
https://bs.wikipedia.org/w/index.php?title=Peninsula_bibliote%C4%8Dki_sistem&action=edit&redlink=1,404,https://bs.wikipedia.org/wiki/Peninsula_bibliote%C4%8Dki_sistem
"https://bs.wikipedia.org/w/index.php?title=Alameda_County,_California&action=edit&redlink=1",404,"https://bs.wikipedia.org/w/index.php?title=Alameda_County,_California&veaction=edit"
"https://bs.wikipedia.org/w/index.php?title=Sunnyvale,_California&action=edit&redlink=1",404,"https://bs.wikipedia.org/wiki/Sunnyvale,_California"
"https://bs.wikipedia.org/wiki/Sunnyvale,_California",404,"https://bs.m.wikipedia.org/w/index.php?title=Sunnyvale,_California&mobileaction=toggle_view_mobile"
https://fr.wikipedia.org/w/index.php?title=Aix_Universit%C3%A9_Club_badminton&action=edit&redlink=1,404,https://fr.wikipedia.org/w/index.php?title=Aix_Universit%C3%A9_Club_badminton&veaction=edit
https://fr.m.wikipedia.org/wiki/Sp%C3%A9cial:Pages_li%C3%A9es/Utilisateur:Laurent_Nguyen,404,https://fr.m.wikipedia.org/w/index.php?title=Sp%C3%A9cial:Pages_li%C3%A9es&target=Discussion%3ATour+de+France
https://es.m.wikipedia.org/w/index.php?title=Revista_Espa%C3%B1ola_de_Quimioterapia&action=edit&redlink=1,404,https://es.m.wikipedia.org/wiki/Revista_Espa%C3%B1ola_de_Quimioterapia
https://es.m.wikipedia.org/w/index.php?title=Revista_Espa%C3%B1ola_de_Quimioterapia&action=edit&redlink=1,404,https://es.wikipedia.org/wiki/Revista_Espa%C3%B1ola_de_Quimioterapia
https://fa.wikipedia.org/wiki/%D9%81%D8%B1%D9%88%DA%A9%D8%A7%D8%B3%D8%AA%E2%80%8C%DA%AF%D8%B1%D8%A7%DB%8C%DB%8C,404,https://fa.wikipedia.org/wiki/%D9%81%D9%84%D8%B3%D9%81%D9%87_%D8%B2%D8%A8%D8%A7%D9%86_%D8%B7%D8%A8%DB%8C%D8%B9%DB%8C
https://fa.wikipedia.org/wiki/%D9%81%D8%B1%D9%88%DA%A9%D8%A7%D8%B3%D8%AA%E2%80%8C%DA%AF%D8%B1%D8%A7%DB%8C%DB%8C,404,https://fa.wikipedia.org/wiki/%D9%88%D8%A7%D9%82%D8%B9_%DA%AF%D8%B1%D8%A7%DB%8C%DB%8C_%D8%A7%D8%B3%D8%AA%D8%B1%D8%A7%D9%84%DB%8C%D8%A7%DB%8C%DB%8C
https://fa.wikipedia.org/wiki/%D9%81%D8%B1%D9%88%DA%A9%D8%A7%D8%B3%D8%AA%E2%80%8C%DA%AF%D8%B1%D8%A7%DB%8C%DB%8C,404,https://fa.wikipedia.org/wiki/Index_of_analytic_philosophy_articles
https://fa.wikipedia.org/wiki/%D9%81%D8%B1%D9%88%DA%A9%D8%A7%D8%B3%D8%AA%E2%80%8C%DA%AF%D8%B1%D8%A7%DB%8C%DB%8C,404,https://fa.wikipedia.org/wiki/Julian_Ursyn_Niemcewicz
https://fa.wikipedia.org/wiki/%D9%81%D8%B1%D9%88%DA%A9%D8%A7%D8%B3%D8%AA%E2%80%8C%DA%AF%D8%B1%D8%A7%DB%8C%DB%8C,404,https://fa.wikipedia.org/wiki/American_Enlightenment
https://fa.wikipedia.org/wiki/%D9%85%D8%AD%D8%A7%D9%81%D8%B8%D9%87%E2%80%8C%DA%A9%D8%A7%D8%B1%DB%8C,404,https://fa.wikipedia.org/wiki/Democratic_Fascist_Party
https://fa.wikipedia.org/wiki/%D9%85%D8%AD%D8%A7%D9%81%D8%B8%D9%87%E2%80%8C%DA%A9%D8%A7%D8%B1%DB%8C,404,https://fa.wikipedia.org/wiki/Sudeten_German_Party
https://fa.wikipedia.org/wiki/%D9%85%D8%AD%D8%A7%D9%81%D8%B8%D9%87%E2%80%8C%DA%A9%D8%A7%D8%B1%DB%8C,404,https://fa.wikipedia.org/wiki/My_Life_(Oswald_Mosley_autobiography)
https://fa.wikipedia.org/wiki/%D9%85%D8%AD%D8%A7%D9%81%D8%B8%D9%87%E2%80%8C%DA%A9%D8%A7%D8%B1%DB%8C,404,https://fa.wikipedia.org/wiki/Albanian_Fascist_Party
https://fa.wikipedia.org/wiki/%D9%85%D8%AD%D8%A7%D9%81%D8%B8%D9%87%E2%80%8C%DA%A9%D8%A7%D8%B1%DB%8C,404,https://fa.wikipedia.org/wiki/List_of_fascist_movements_by_country_U%E2%80%93Z
https://fa.wikipedia.org/wiki/%D9%85%D8%AD%D8%A7%D9%81%D8%B8%D9%87%E2%80%8C%DA%A9%D8%A7%D8%B1%DB%8C,404,https://fa.wikipedia.org/wiki/List_of_fascist_movements_by_country_N%E2%80%93T
https://fa.wikipedia.org/wiki/%D9%85%D8%AD%D8%A7%D9%81%D8%B8%D9%87%E2%80%8C%DA%A9%D8%A7%D8%B1%DB%8C,404,https://fa.wikipedia.org/wiki/List_of_Nazi_ideologues
https://fa.wikipedia.org/wiki/%D9%85%D8%AD%D8%A7%D9%81%D8%B8%D9%87%E2%80%8C%DA%A9%D8%A7%D8%B1%DB%8C,404,https://fa.wikipedia.org/wiki/List_of_Nazi_Party_leaders_and_officials
https://fa.wikipedia.org/wiki/%D8%AC%DB%8C%D9%85%D8%B2_%D9%85%D8%AF%DB%8C%D8%B3%D9%88%D9%86,404,https://fa.wikipedia.org/wiki/List_of_books_about_the_War_of_1812
https://fa.wikipedia.org/wiki/%D8%AC%DB%8C%D9%85%D8%B2_%D9%85%D8%AF%DB%8C%D8%B3%D9%88%D9%86,404,https://fa.wikipedia.org/wiki/Opposition_to_the_War_of_1812_in_the_United_States
https://fa.wikipedia.org/wiki/%D8%AC%DB%8C%D9%85%D8%B2_%D9%85%D8%AF%DB%8C%D8%B3%D9%88%D9%86,404,https://fa.wikipedia.org/wiki/James_Kent
https://fa.wikipedia.org/wiki/%D8%AC%DB%8C%D9%85%D8%B2_%D9%85%D8%AF%DB%8C%D8%B3%D9%88%D9%86,404,https://fa.wikipedia.org/wiki/Portal:Hall_of_Fame_for_Great_Americans
https://fa.wikipedia.org/wiki/%D8%AF%D9%88%D8%B1%D8%A7%D9%86_%D9%85%D8%AF%D8%B1%D9%86_%D9%86%D8%AE%D8%B3%D8%AA%DB%8C%D9%86,404,https://fa.wikipedia.org/wiki/%D8%A7%D9%84%DA%AF%D9%88:History_of_Italy
https://fa.wikipedia.org/wiki/%D8%AF%D9%88%D8%B1%D8%A7%D9%86_%D9%85%D8%AF%D8%B1%D9%86_%D9%86%D8%AE%D8%B3%D8%AA%DB%8C%D9%86,404,https://fa.wikipedia.org/wiki/History_of_rail_transport_in_Italy
https://fa.wikipedia.org/wiki/%D8%AF%D9%88%D8%B1%D8%A7%D9%86_%D9%85%D8%AF%D8%B1%D9%86_%D9%86%D8%AE%D8%B3%D8%AA%DB%8C%D9%86,404,https://fa.wikipedia.org/wiki/%DA%AF%D8%A7%D9%87%D8%B4%D9%85%D8%A7%D8%B1%DB%8C_%D8%AA%D8%A7%D8%B1%DB%8C%D8%AE_%D8%A7%DB%8C%D8%AA%D8%A7%D9%84%DB%8C%D8%A7
https://fa.wikipedia.org/wiki/%D8%AC%DB%8C%D9%85%D8%B2_%D9%85%D8%AF%DB%8C%D8%B3%D9%88%D9%86,404,https://fa.wikipedia.org/wiki/George_Graham_(soldier)
https://fa.wikipedia.org/wiki/%D8%AC%DB%8C%D9%85%D8%B2_%D9%85%D8%AF%DB%8C%D8%B3%D9%88%D9%86,404,https://fa.wikipedia.org/wiki/William_Eustis
https://fa.wikipedia.org/wiki/%D8%AA%D9%88%D9%85%D8%A7%D8%B3_%D8%AC%D9%81%D8%B1%D8%B3%D9%88%D9%86,404,https://fa.wikipedia.org/wiki/Classical_archaeology
https://fa.wikipedia.org/wiki/%D8%AF%D8%A7%D8%AF%D8%B3%D8%AA%D8%A7%D9%86_%DA%A9%D9%84_%D8%A7%DB%8C%D8%A7%D9%84%D8%A7%D8%AA_%D9%85%D8%AA%D8%AD%D8%AF%D9%87_%D8%A2%D9%85%D8%B1%DB%8C%DA%A9%D8%A7,404,https://fa.wikipedia.org/wiki/Charles_Devens
https://fa.m.wikipedia.org/w/index.php?title=%D9%BE%D9%88%D8%AF%D9%85%D8%A7%D9%86:Date&action=edit&mobileaction=toggle_view_mobile,404,https://fa.m.wikipedia.org/wiki/%D8%A7%D9%84%DA%AF%D9%88:Editnotices/Page/%D9%BE%D9%88%D8%AF%D9%85%D8%A7%D9%86:Date
https://fa.m.wikipedia.org/w/index.php?title=%D9%BE%D9%88%D8%AF%D9%85%D8%A7%D9%86:Date&action=edit&mobileaction=toggle_view_mobile,404,https://fa.m.wikipedia.org/wiki/%D9%BE%D9%88%D8%AF%D9%85%D8%A7%D9%86:Date/%D8%AA%D9%88%D8%B6%DB%8C%D8%AD%D8%A7%D8%AA
https://fa.m.wikipedia.org/w/index.php?title=%D9%BE%D9%88%D8%AF%D9%85%D8%A7%D9%86:Date&action=edit&mobileaction=toggle_view_mobile,404,https://fa.m.wikipedia.org/wiki/%D8%A7%D9%84%DA%AF%D9%88:Editnotices/Group/%D9%BE%D9%88%D8%AF%D9%85%D8%A7%D9%86:Date
https://fa.m.wikipedia.org/wiki/%D8%A7%D9%84%DA%AF%D9%88:Editnotices/Page/%D9%BE%D9%88%D8%AF%D9%85%D8%A7%D9%86:Date,404,https://fa.wikipedia.org/w/index.php?title=%D8%A7%D9%84%DA%AF%D9%88:Editnotices/Page/%D9%BE%D9%88%D8%AF%D9%85%D8%A7%D9%86:Date&mobileaction=toggle_view_desktop
https://fa.m.wikipedia.org/wiki/%D8%A7%D9%84%DA%AF%D9%88:Editnotices/Page/%D9%BE%D9%88%D8%AF%D9%85%D8%A7%D9%86:Date,404,https://fa.wikipedia.org/wiki/%D8%A7%D9%84%DA%AF%D9%88:Editnotices/Page/%D9%BE%D9%88%D8%AF%D9%85%D8%A7%D9%86:Date
https://fa.wikipedia.org/w/index.php?title=%D8%A7%D9%84%DA%AF%D9%88:Editnotices/Page/%D9%BE%D9%88%D8%AF%D9%85%D8%A7%D9%86:Date&mobileaction=toggle_view_desktop,404,https://fa.m.wikipedia.org/w/index.php?title=%D8%A7%D9%84%DA%AF%D9%88:Editnotices/Page/%D9%BE%D9%88%D8%AF%D9%85%D8%A7%D9%86:Date&mobileaction=toggle_view_mobile
https://sco.wikipedia.org/w/index.php?title=Category:Unnergrund_Railroad_fowk&action=edit&redlink=1,404,https://sco.wikipedia.org/wiki/Special:RecentChangesLinked/Category:Unnergrund_Railroad_fowk
https://sco.wikipedia.org/w/index.php?title=Category:Unnergrund_Railroad_fowk&action=edit&redlink=1,404,https://sco.wikipedia.org/wiki/Special:WhatLinksHere/Category:Unnergrund_Railroad_fowk
https://sco.wikipedia.org/w/index.php?title=Han_Suyin&action=edit&redlink=1,404,https://sco.wikipedia.org/w/index.php?title=Han_Suyin&veaction=edit
https://sco.wikipedia.org/w/index.php?title=Brandon_Teena&action=edit&redlink=1,404,https://sco.wikipedia.org/w/index.php?title=Brandon_Teena&veaction=edit
https://sco.wikipedia.org/w/index.php?title=Love_Is_a_Many-Splendored_Thing_(film)&action=info,404,https://sco.wikipedia.org/w/index.php?title=Special:WhatLinksHere/Love_Is_a_Many-Splendored_Thing_(film)&hidelinks=1&hidetrans=1
https://sco.wikipedia.org/w/index.php?title=Han_Suyin&veaction=edit,404,https://sco.m.wikipedia.org/w/index.php?title=Han_Suyin&veaction=edit&mobileaction=toggle_view_mobile
https://sco.wikipedia.org/w/index.php?title=Brandon_Teena&veaction=edit,404,https://sco.m.wikipedia.org/w/index.php?title=Brandon_Teena&veaction=edit&mobileaction=toggle_view_mobile
https://sco.m.wikipedia.org/w/index.php?title=Han_Suyin&veaction=edit&mobileaction=toggle_view_mobile,404,https://sco.wikipedia.org/w/index.php?title=Han_Suyin&veaction=edit&mobileaction=toggle_view_desktop
https://sco.m.wikipedia.org/w/index.php?title=Han_Suyin&action=info&mobileaction=toggle_view_mobile,404,https://sco.m.wikipedia.org/w/index.php?title=Special:WhatLinksHere/Han_Suyin&hidelinks=1&hidetrans=1
https://sco.m.wikipedia.org/w/index.php?title=Brandon_Teena&veaction=edit&mobileaction=toggle_view_mobile,404,https://sco.wikipedia.org/w/index.php?title=Brandon_Teena&veaction=edit&mobileaction=toggle_view_desktop
https://sco.m.wikipedia.org/w/index.php?title=Brandon_Teena&action=edit&section=0,404,https://sco.m.wikipedia.org/wiki/Help:Editin
https://sco.m.wikipedia.org/w/index.php?title=Brandon_Teena&action=edit&section=0,404,https://sco.m.wikipedia.org/wiki/Brandon_Teena
https://oc.m.wikipedia.org/w/index.php?title=Wikip%C3%A8dia:Nom_d%27usuari&action=edit&redlink=1,404,https://oc.wikipedia.org/wiki/Wikip%C3%A8dia:Nom_d%27usuari
https://sco.m.wikipedia.org/wiki/Help:Editin,404,https://sco.wikipedia.org/w/index.php?title=Help:Editin&mobileaction=toggle_view_desktop
https://sco.m.wikipedia.org/wiki/Brandon_Teena,404,https://sco.wikipedia.org/w/index.php?title=Brandon_Teena&mobileaction=toggle_view_desktop
https://oc.wikipedia.org/wiki/Wikip%C3%A8dia:Nom_d%27usuari,404,https://oc.m.wikipedia.org/w/index.php?title=Wikip%C3%A8dia:Nom_d%27usuari&mobileaction=toggle_view_mobile
https://oc.wikipedia.org/wiki/Wikip%C3%A8dia:Nom_d%27usuari,404,https://oc.wikipedia.org/wiki/Especial:Paginas_ligadas/Wikip%C3%A8dia:Nom_d%27usuari
https://sco.wikipedia.org/w/index.php?title=Help:Editin&mobileaction=toggle_view_desktop,404,https://sco.m.wikipedia.org/w/index.php?title=Help:Editin&mobileaction=toggle_view_mobile
https://oc.m.wikipedia.org/w/index.php?title=Wikip%C3%A8dia:Nom_d%27usuari&mobileaction=toggle_view_mobile,404,https://oc.wikipedia.org/w/index.php?title=Wikip%C3%A8dia:Nom_d%27usuari&mobileaction=toggle_view_desktop
https://oc.wikipedia.org/wiki/Especial:Paginas_ligadas/Wikip%C3%A8dia:Nom_d%27usuari,404,https://oc.m.wikipedia.org/wiki/Especial:Paginas_ligadas/Wikip%C3%A8dia:Nom_d%27usuari
https://oc.m.wikipedia.org/wiki/Especial:Paginas_ligadas/Wikip%C3%A8dia:Nom_d%27usuari,404,https://oc.m.wikipedia.org/w/index.php?title=Especial:Paginas_ligadas/Wikip%C3%A8dia:Nom_d%27usuari&hideredirs=1
https://oc.m.wikipedia.org/wiki/Especial:Paginas_ligadas/Wikip%C3%A8dia:Nom_d%27usuari,404,https://oc.m.wikipedia.org/w/index.php?title=Especial:Paginas_ligadas/Wikip%C3%A8dia:Nom_d%27usuari&hidetrans=1
https://oc.m.wikipedia.org/w/index.php?title=Wikip%C3%A8dia:Drech_d%27autor&oldid=231752,404,https://oc.m.wikipedia.org/wiki/Wikip%C3%A8dia:Lic%C3%A9ncia_Creative_Commons_Paternitat-Pertatge_de_las_Condicions_Inicialas_a_l%27Identic_3.0_Unported
https://oc.m.wikipedia.org/wiki/Especial:Paginas_ligadas/Wikip%C3%A8dia:Nom_d%27usuari,404,https://oc.m.wikipedia.org/w/index.php?title=Especial:Paginas_ligadas/Wikip%C3%A8dia:Nom_d%27usuari&hidelinks=1
https://oc.m.wikipedia.org/w/index.php?title=Especial:Paginas_ligadas/Wikip%C3%A8dia:Nom_d%27usuari&hideredirs=1,404,https://oc.m.wikipedia.org/w/index.php?title=Especial:Paginas_ligadas/Wikip%C3%A8dia:Nom_d%27usuari&hideredirs=1&hidetrans=1
https://oc.m.wikipedia.org/wiki/Wikip%C3%A8dia:Lic%C3%A9ncia_Creative_Commons_Paternitat-Pertatge_de_las_Condicions_Inicialas_a_l%27Identic_3.0_Unported,404,https://oc.wikipedia.org/w/index.php?title=Wikip%C3%A8dia:Lic%C3%A9ncia_Creative_Commons_Paternitat-Pertatge_de_las_Condicions_Inicialas_a_l%27Identic_3.0_Unported&mobileaction=toggle_view_desktop
https://oc.m.wikipedia.org/wiki/Wikip%C3%A8dia:Lic%C3%A9ncia_Creative_Commons_Paternitat-Pertatge_de_las_Condicions_Inicialas_a_l%27Identic_3.0_Unported,404,https://oc.wikipedia.org/wiki/Wikip%C3%A8dia:Lic%C3%A9ncia_Creative_Commons_Paternitat-Pertatge_de_las_Condicions_Inicialas_a_l%27Identic_3.0_Unported
https://oc.m.wikipedia.org/w/index.php?title=Especial:Paginas_ligadas/Wikip%C3%A8dia:Nom_d%27usuari&hideredirs=1,404,https://oc.m.wikipedia.org/w/index.php?title=Especial:Paginas_ligadas/Wikip%C3%A8dia:Nom_d%27usuari&hideredirs=1&hidelinks=1
https://oc.m.wikipedia.org/w/index.php?title=Especial:Paginas_ligadas/Wikip%C3%A8dia:Nom_d%27usuari&hideredirs=1&hidetrans=1,404,https://oc.m.wikipedia.org/w/index.php?title=Especial:Paginas_ligadas/Wikip%C3%A8dia:Nom_d%27usuari&hideredirs=1&hidetrans=1&hidelinks=1
https://oc.wikipedia.org/w/index.php?title=Wikip%C3%A8dia:Lic%C3%A9ncia_Creative_Commons_Paternitat-Pertatge_de_las_Condicions_Inicialas_a_l%27Identic_3.0_Unported&mobileaction=toggle_view_desktop,404,https://oc.wikipedia.org/wiki/Especial:Paginas_ligadas/Wikip%C3%A8dia:Lic%C3%A9ncia_Creative_Commons_Paternitat-Pertatge_de_las_Condicions_Inicialas_a_l%27Identic_3.0_Unported
https://oc.wikipedia.org/w/index.php?title=Wikip%C3%A8dia:Lic%C3%A9ncia_Creative_Commons_Paternitat-Pertatge_de_las_Condicions_Inicialas_a_l%27Identic_3.0_Unported&mobileaction=toggle_view_desktop,404,https://oc.m.wikipedia.org/w/index.php?title=Wikip%C3%A8dia:Lic%C3%A9ncia_Creative_Commons_Paternitat-Pertatge_de_las_Condicions_Inicialas_a_l%27Identic_3.0_Unported&mobileaction=toggle_view_mobile
https://hu.wikipedia.org/wiki/Zalaegerszeg,404,https://hu.wikipedia.org/wiki/Sablonvita:A_G%C3%B6csej_ter%C3%BClet%C3%A9n_fekv%C5%91_telep%C3%BCl%C3%A9sek
https://li.wikipedia.org/w/index.php?title=Francisco_de_Pizarro&action=edit&redlink=1,404,https://li.wikipedia.org/wiki/Francisco_de_Pizarro
https://awa.m.wikipedia.org/w/index.php?title=%E0%A4%88%E0%A4%B8%E0%A5%8D%E0%A4%9F%E0%A4%B0_%E0%A4%A6%E0%A5%8D%E0%A4%B5%E0%A5%80%E0%A4%AA&action=edit&redlink=1&mobileaction=toggle_view_mobile,404,https://awa.m.wikipedia.org/wiki/%E0%A4%B5%E0%A4%BF%E0%A4%95%E0%A4%BF%E0%A4%AA%E0%A5%80%E0%A4%A1%E0%A4%BF%E0%A4%AF%E0%A4%BE:%E0%A4%B8%E0%A4%A7%E0%A4%BE%E0%A4%B0%E0%A4%A3_%E0%A4%85%E0%A4%B8%E0%A5%8D%E0%A4%B5%E0%A5%80%E0%A4%95%E0%A4%B0%E0%A4%A3
https://li.m.wikipedia.org/w/index.php?title=Sir_Francis_Drake&action=edit&redlink=1&venoscript=1,404,https://li.m.wikipedia.org/wiki/Sir_Francis_Drake
https://li.m.wikipedia.org/wiki/Sir_Francis_Drake,404,https://li.wikipedia.org/w/index.php?title=Sir_Francis_Drake&mobileaction=toggle_view_desktop
https://ko.m.wikipedia.org/w/index.php?title=%EC%95%88%EC%82%B0%ED%83%80%EC%9E%84%EC%A6%88&action=edit&redlink=1,404,https://ko.wikipedia.org/wiki/%EC%95%88%EC%82%B0%ED%83%80%EC%9E%84%EC%A6%88
https://als.wikipedia.org/w/index.php?title=Gebrauchsanleitung&action=edit&redlink=1,404,https://als.wikipedia.org/wiki/Gebrauchsanleitung
https://uk.wikipedia.org/w/index.php?title=Roger_Lloyd-Pack&action=edit&redlink=1,404,https://uk.wikipedia.org/wiki/Roger_Lloyd-Pack
https://uk.m.wikipedia.org/w/index.php?title=%D0%9D%D0%B0%D0%B7%D0%B8%D0%B2%D0%B0%D0%B9_%D0%BC%D0%B5%D0%BD%D0%B5_%D0%B1%D0%BE%D0%B6%D0%B5%D0%B2%D1%96%D0%BB%D1%8C%D0%BD%D0%B8%D0%BC&action=edit&redlink=1,404,https://uk.wikipedia.org/wiki/%D0%9D%D0%B0%D0%B7%D0%B8%D0%B2%D0%B0%D0%B9_%D0%BC%D0%B5%D0%BD%D0%B5_%D0%B1%D0%BE%D0%B6%D0%B5%D0%B2%D1%96%D0%BB%D1%8C%D0%BD%D0%B8%D0%BC
https://zh-min-nan.wikipedia.org/wiki/Oscar_Chi%C3%B3ng,404,https://zh-min-nan.wikipedia.org/wiki/Tek-pia%CC%8Dt:Siong-koan_%C3%AA_k%C3%A1i-pi%C3%A0n/Oscar_Chi%C3%B3ng
https://uk.m.wikipedia.org/w/index.php?title=%D0%9A%D1%80%D0%B5%D0%B4%D0%BE_%D0%92%D0%B0%D1%81%D0%B8%D0%BB%D1%8C_%D0%9C%D0%B8%D0%BA%D0%BE%D0%BB%D0%B0%D0%B9%D0%BE%D0%B2%D0%B8%D1%87&action=edit&redlink=1,404,https://uk.wikipedia.org/wiki/%D0%9A%D1%80%D0%B5%D0%B4%D0%BE_%D0%92%D0%B0%D1%81%D0%B8%D0%BB%D1%8C_%D0%9C%D0%B8%D0%BA%D0%BE%D0%BB%D0%B0%D0%B9%D0%BE%D0%B2%D0%B8%D1%87
https://ru.m.wikipedia.org/w/index.php?title=%D0%9F%D1%81%D0%B5%D0%B2%D0%B4%D0%BE%D0%BC%D1%83%D1%80%D0%B5%D0%B8%D0%BD&action=edit&redlink=1,404,https://ru.wikipedia.org/wiki/%D0%9F%D1%81%D0%B5%D0%B2%D0%B4%D0%BE%D0%BC%D1%83%D1%80%D0%B5%D0%B8%D0%BD
https://ru.m.wikipedia.org/w/index.php?title=Immunology_and_Cell_Biology&action=edit&redlink=1,404,https://ru.wikipedia.org/wiki/Immunology_and_Cell_Biology
https://en.wikipedia.org/wiki/N-Methyl-N-ethyltryptamine,404,https://en.wikipedia.org/wiki/2C-T-24
https://en.wikipedia.org/wiki/N-Methyl-N-ethyltryptamine,404,https://en.wikipedia.org/wiki/25H-NBMD
https://en.wikipedia.org/wiki/N-Methyl-N-ethyltryptamine,404,https://en.wikipedia.org/wiki/25T2-NBOMe
https://en.wikipedia.org/wiki/N-Methyl-N-ethyltryptamine,404,https://en.wikipedia.org/wiki/25F-NBMD
https://en.wikipedia.org/wiki/N-Methyl-N-ethyltryptamine,404,https://en.wikipedia.org/wiki/25T4-NBOMe
https://en.wikipedia.org/wiki/N-Methyl-N-ethyltryptamine,404,https://en.wikipedia.org/wiki/25T7-NBOMe
https://en.wikipedia.org/wiki/4-Methyl-%CE%B1ET,404,https://en.wikipedia.org/wiki/Phenatine
https://en.wikipedia.org/wiki/Recombinant_human_erythropoietin,404,https://en.wikipedia.org/wiki/ONO-4474
https://en.wikipedia.org/wiki/Recombinant_human_erythropoietin,404,https://en.wikipedia.org/wiki/ONO-5390556
https://en.wikipedia.org/wiki/Recombinant_human_erythropoietin,404,https://en.wikipedia.org/wiki/Milciclib
https://en.wikipedia.org/wiki/Recombinant_human_erythropoietin,404,https://en.wikipedia.org/wiki/Pegnartograstim
https://en.wikipedia.org/wiki/Recombinant_human_erythropoietin,404,https://en.wikipedia.org/wiki/Nartograstim
https://en.wikipedia.org/wiki/Recombinant_human_erythropoietin,404,https://en.wikipedia.org/wiki/GZ-389988
https://en.wikipedia.org/wiki/Recombinant_human_erythropoietin,404,https://en.wikipedia.org/wiki/Interferon_alfa_n1
https://en.wikipedia.org/wiki/GZ-389988,404,https://en.m.wikipedia.org/w/index.php?title=GZ-389988&mobileaction=toggle_view_mobile
https://en.wikipedia.org/wiki/Recombinant_human_erythropoietin,404,https://en.wikipedia.org/wiki/Interferon_alfa_2a
https://en.wikipedia.org/wiki/Interferon_alfa_n1,404,https://en.m.wikipedia.org/w/index.php?title=Interferon_alfa_n1&mobileaction=toggle_view_mobile
https://en.m.wikipedia.org/wiki/Special:MobileLanguages/2018_Penang_state_election,404,https://en.wikipedia.org/wiki/Special:MobileLanguages/2018_Penang_state_election
https://en.m.wikipedia.org/wiki/Channel_NewsAsia,404,https://en.m.wikipedia.org/wiki/MyTV_(Vietnam)
https://en.m.wikipedia.org/wiki/Channel_NewsAsia,404,https://en.m.wikipedia.org/wiki/FPT_TV_(Vietnam)
https://en.m.wikipedia.org/wiki/Copley_News_Service,404,https://en.m.wikipedia.org/wiki/Jerry_Kammer
https://en.m.wikipedia.org/wiki/Universities_in_London,404,"https://en.m.wikipedia.org/wiki/Grenoble_Graduate_School_of_Business,_GGSB"
https://en.m.wikipedia.org/wiki/Universiti_Teknologi_Malaysia,404,https://en.m.wikipedia.org/wiki/UTM_Faculty_of_Engineering
https://en.m.wikipedia.org/wiki/Streamline_Moderne,404,https://en.m.wikipedia.org/wiki/Zesp%C3%B3%C5%82_mieszkaniowy_BGK
https://en.wikipedia.org/wiki/Matrix_barcode,404,https://en.wikipedia.org/wiki/Color_Construct_Code
https://en.wikipedia.org/wiki/Matrix_barcode,404,https://en.wikipedia.org/wiki/ColorZip
https://en.wikipedia.org/wiki/ColorZip,404,https://en.m.wikipedia.org/w/index.php?title=ColorZip&mobileaction=toggle_view_mobile
https://sq.wikipedia.org/w/index.php?title=U_864&action=edit&redlink=1,404,https://sq.wikipedia.org/wiki/U_864
https://sq.wikipedia.org/w/index.php?title=U_864&action=edit&redlink=1,404,https://sq.wikipedia.org/w/index.php?title=U_864&veaction=edit
https://no.wikipedia.org/wiki/Katolsk,404,https://te.wikipedia.org/wiki/%E0%B0%95%E0%B0%BE%E0%B0%A5%E0%B0%B2%E0%B0%BF%E0%B0%95%E0%B1%8D_%E0%B0%9A%E0%B0%B0%E0%B1%8D%E0%B0%9A%E0%B0%BF
https://tl.wikipedia.org/wiki/Antipapa_Christopher,404,https://tl.wikipedia.org/wiki/Natatangi:Nakakawing_ng_kamakailang_pagbabago/Antipapa_Christopher
https://rm.wikipedia.org/w/index.php?title=Lituania&diff=118168&oldid=117746,404,https://gl.wikipedia.org/wiki/Lituania_-_Lietuva
https://rm.wikipedia.org/w/index.php?title=Lituania&diff=118168&oldid=117746,404,https://nv.wikipedia.org/wiki/%C5%81it%CA%BCoow%C4%99%CC%81%C4%99ya
https://ab.wikipedia.org/wiki/1994,404,https://ab.wikipedia.org/wiki/%D0%A6%D0%B0%D1%81%D1%82%D3%99%D0%B8:%D0%A1%D0%B2%D1%8F%D0%B7%D0%B0%D0%BD%D0%BD%D1%8B%D0%B5_%D0%BF%D1%80%D0%B0%D0%B2%D0%BA%D0%B8/1994
https://gn.wikipedia.org/w/index.php?title=Am%C3%A9rika&oldid=82019,404,https://nov.wikipedia.org/wiki/Amerikas
https://fa.wikipedia.org/wiki/%D9%82%D8%A7%D8%B1%D9%87%E2%80%8C%D9%87%D8%A7%DB%8C_%D8%A2%D9%85%D8%B1%DB%8C%DA%A9%D8%A7,404,https://fa.wikipedia.org/wiki/%D9%85%D9%88_(%D9%82%D8%A7%D8%B1%D9%87)
https://fa.wikipedia.org/wiki/%D9%82%D8%A7%D8%B1%D9%87%E2%80%8C%D9%87%D8%A7%DB%8C_%D8%A2%D9%85%D8%B1%DB%8C%DA%A9%D8%A7,404,https://fa.wikipedia.org/wiki/%D9%84%D9%85%D9%88%D8%B1%DB%8C%D8%A7_(%D9%82%D8%A7%D8%B1%D9%87)
https://fa.wikipedia.org/wiki/%D9%82%D8%A7%D8%B1%D9%87%E2%80%8C%D9%87%D8%A7%DB%8C_%D8%A2%D9%85%D8%B1%DB%8C%DA%A9%D8%A7,404,https://fa.wikipedia.org/wiki/%D9%85%D8%B1%D9%88%D9%BE%DB%8C%D8%B3
https://fa.wikipedia.org/wiki/%D9%85%D8%B1%D9%88%D9%BE%DB%8C%D8%B3,404,https://fa.m.wikipedia.org/w/index.php?title=%D9%85%D8%B1%D9%88%D9%BE%DB%8C%D8%B3&mobileaction=toggle_view_mobile
https://fa.m.wikipedia.org/w/index.php?title=%D9%85%D8%B1%D9%88%D9%BE%DB%8C%D8%B3&mobileaction=toggle_view_mobile,404,https://fa.wikipedia.org/w/index.php?title=%D9%85%D8%B1%D9%88%D9%BE%DB%8C%D8%B3&mobileaction=toggle_view_desktop
https://am.wikipedia.org/w/index.php?title=%E1%88%8D%E1%8B%A9:CreateAccount&returnto=%E1%88%8D%E1%8B%A9%3ABook&returntoquery=bookcmd%3Dbook_creator%26referer%3D%25E1%258C%258B%25E1%258B%25AB%25E1%258A%2593,404,https://am.wikipedia.org/wiki/%E1%8B%8D%E1%8A%AD%E1%8D%94%E1%8B%B2%E1%8B%AB:Request_an_account
https://no.wikipedia.org/w/index.php?title=Soussou&action=edit&redlink=1,404,https://no.wikipedia.org/w/index.php?title=Soussou&veaction=edit
https://am.wikipedia.org/wiki/%E1%8B%8D%E1%8A%AD%E1%8D%94%E1%8B%B2%E1%8B%AB:Request_an_account,404,https://am.wikipedia.org/wiki/%E1%88%8D%E1%8B%A9:WhatLinksHere/%E1%8B%8D%E1%8A%AD%E1%8D%94%E1%8B%B2%E1%8B%AB:Request_an_account
https://am.wikipedia.org/wiki/%E1%8B%8D%E1%8A%AD%E1%8D%94%E1%8B%B2%E1%8B%AB:Request_an_account,404,https://am.m.wikipedia.org/w/index.php?title=%E1%8B%8D%E1%8A%AD%E1%8D%94%E1%8B%B2%E1%8B%AB:Request_an_account&mobileaction=toggle_view_mobile
https://no.wikipedia.org/w/index.php?title=Soussou&veaction=edit,404,https://no.m.wikipedia.org/w/index.php?title=Soussou&veaction=edit&mobileaction=toggle_view_mobile
https://no.m.wikipedia.org/w/index.php?title=Soussou&action=edit&redlink=1&venoscript=1,404,https://no.m.wikipedia.org/wiki/Soussou
https://no.wikipedia.org/w/index.php?title=Mal:Transclude&action=edit,404,https://no.wikipedia.org/wiki/Spesial:Relaterte_endringer/Mal:Transclude
https://no.wikipedia.org/wiki/Spesial:Relaterte_endringer/Mal:Transclude,404,https://no.m.wikipedia.org/wiki/Spesial:Relaterte_endringer/Mal:Transclude
https://no.m.wikipedia.org/w/index.php?title=Libert%C3%A9&action=edit&redlink=1,404,https://no.wikipedia.org/wiki/Libert%C3%A9
https://no.wikipedia.org/wiki/Libert%C3%A9,404,https://no.wikipedia.org/w/index.php?title=Libert%C3%A9&veaction=edit
https://no.wikipedia.org/wiki/Libert%C3%A9,404,https://no.m.wikipedia.org/w/index.php?title=Libert%C3%A9&mobileaction=toggle_view_mobile
https://no.m.wikipedia.org/w/index.php?title=Libert%C3%A9&mobileaction=toggle_view_mobile,404,https://no.wikipedia.org/w/index.php?title=Libert%C3%A9&mobileaction=toggle_view_desktop
https://uz.wikipedia.org/w/index.php?title=Vikipediya:Robotlar&redirect=no,404,https://uz.wikipedia.org/wiki/Maxsus:RecentChangesLinked/Vikipediya:Robotlar
https://uz.wikipedia.org/wiki/Maxsus:RecentChangesLinked/Vikipediya:Robotlar,404,https://uz.m.wikipedia.org/wiki/Maxsus:RecentChangesLinked/Vikipediya:Robotlar
https://uz.m.wikipedia.org/wiki/Maxsus:RecentChangesLinked/Vikipediya:Robotlar,404,https://uz.m.wikipedia.org/w/index.php?title=Maxsus:RecentChangesLinked&from=20200905122652&fromFormatted=12%3A26%2C+5-Sentabr+2020&target=Vikipediya%3ARobotlar
https://uz.m.wikipedia.org/w/index.php?title=Maxsus:RecentChangesLinked&from=20200905122652&fromFormatted=12%3A26%2C+5-Sentabr+2020&target=Vikipediya%3ARobotlar,404,https://uz.m.wikipedia.org/w/index.php?title=Maxsus:RecentChangesLinked&from=20200905122653&fromFormatted=12%3A26%2C+5-Sentabr+2020&target=Vikipediya%3ARobotlar
https://uz.m.wikipedia.org/w/index.php?title=Maxsus:RecentChangesLinked&from=20200905122652&fromFormatted=12%3A26%2C+5-Sentabr+2020&target=Vikipediya%3ARobotlar,404,https://uz.wikipedia.org/wiki/Maxsus:RecentChangesLinked
https://uz.m.wikipedia.org/w/index.php?title=Maxsus:RecentChangesLinked&from=20200905122652&fromFormatted=12%3A26%2C+5-Sentabr+2020&target=Vikipediya%3ARobotlar,404,https://uz.wikipedia.org/w/index.php?title=Maxsus:RecentChangesLinked&from=20200905122652&fromFormatted=12%3A26%2C+5-Sentabr+2020&target=Vikipediya%3ARobotlar
https://uz.m.wikipedia.org/w/index.php?title=Maxsus:RecentChangesLinked&from=20200905122652&fromFormatted=12%3A26%2C+5-Sentabr+2020&target=Vikipediya%3ARobotlar,404,https://uz.m.wikipedia.org/w/index.php?title=Maxsus:RecentChangesLinked&hideWikibase=0&from=20200905122652&target=Vikipediya%3ARobotlar
https://uz.m.wikipedia.org/wiki/Maxsus:WhatLinksHere/Vikipediya:Robotlar,404,https://uz.m.wikipedia.org/w/index.php?title=Maxsus:WhatLinksHere&target=Foydalanuvchi%3ASociologist%2FTest
https://uz.m.wikipedia.org/w/index.php?title=Maxsus:RecentChangesLinked&from=20200905122652&fromFormatted=12%3A26%2C+5-Sentabr+2020&target=Vikipediya%3ARobotlar,404,https://uz.m.wikipedia.org/w/index.php?title=Maxsus:RecentChangesLinked&hidecategorization=0&from=20200905122652&target=Vikipediya%3ARobotlar
https://uz.wikipedia.org/wiki/Maxsus:RecentChangesLinked,404,https://uz.wikipedia.org/w/index.php?title=Maxsus:RecentChangesLinked&from=20200905122653&fromFormatted=12%3A26%2C+5-Sentabr+2020
https://uz.wikipedia.org/wiki/Maxsus:RecentChangesLinked,404,https://uz.m.wikipedia.org/wiki/Maxsus:RecentChangesLinked
https://uz.m.wikipedia.org/w/index.php?title=Maxsus:RecentChangesLinked&hidecategorization=0&from=20200905122652&target=Vikipediya%3ARobotlar,404,https://uz.m.wikipedia.org/w/index.php?title=Maxsus:RecentChangesLinked&from=20200905122654&fromFormatted=12%3A26%2C+5-Sentabr+2020&hidecategorization=0&target=Vikipediya%3ARobotlar
https://uz.m.wikipedia.org/w/index.php?title=Maxsus:RecentChangesLinked&hidecategorization=0&from=20200905122652&target=Vikipediya%3ARobotlar,404,https://uz.m.wikipedia.org/w/index.php?title=Maxsus:RecentChangesLinked&hideminor=1&hidecategorization=0&from=20200905122652&target=Vikipediya%3ARobotlar
https://uz.m.wikipedia.org/w/index.php?title=Maxsus:RecentChangesLinked&hidecategorization=0&from=20200905122652&target=Vikipediya%3ARobotlar,404,https://uz.m.wikipedia.org/w/index.php?title=Maxsus:RecentChangesLinked&hidecategorization=1&from=20200905122652&target=Vikipediya%3ARobotlar
https://uz.m.wikipedia.org/wiki/Maxsus:RecentChangesLinked,404,https://uz.m.wikipedia.org/w/index.php?title=Maxsus:RecentChangesLinked&from=20200905122655&fromFormatted=12%3A26%2C+5-Sentabr+2020
https://uz.m.wikipedia.org/wiki/Maxsus:RecentChangesLinked,404,https://uz.m.wikipedia.org/w/index.php?title=Maxsus:RecentChangesLinked&hideminor=1
https://uz.m.wikipedia.org/wiki/Maxsus:RecentChangesLinked,404,https://uz.m.wikipedia.org/w/index.php?title=Maxsus:RecentChangesLinked&hideWikibase=0
https://uz.m.wikipedia.org/wiki/Maxsus:RecentChangesLinked,404,https://uz.m.wikipedia.org/w/index.php?title=Maxsus:RecentChangesLinked&hidecategorization=0
https://uz.m.wikipedia.org/wiki/Maxsus:RecentChangesLinked,404,https://uz.m.wikipedia.org/w/index.php?title=Maxsus:RecentChangesLinked&hidebots=0
https://uz.wikipedia.org/w/index.php?title=Maxsus:RecentChangesLinked&from=20200905122653&fromFormatted=12%3A26%2C+5-Sentabr+2020,404,https://uz.m.wikipedia.org/w/index.php?title=Maxsus:RecentChangesLinked&from=20200905122653&fromFormatted=12%3A26%2C+5-Sentabr+2020
https://uz.m.wikipedia.org/w/index.php?title=Maxsus:RecentChangesLinked&hideminor=1&hidecategorization=0&from=20200905122652&target=Vikipediya%3ARobotlar,404,https://uz.m.wikipedia.org/w/index.php?title=Maxsus:RecentChangesLinked&from=20200905122655&fromFormatted=12%3A26%2C+5-Sentabr+2020&hideminor=1&hidecategorization=0&target=Vikipediya%3ARobotlar
https://uz.m.wikipedia.org/w/index.php?title=Maxsus:RecentChangesLinked&hideminor=1&hidecategorization=0&from=20200905122652&target=Vikipediya%3ARobotlar,404,https://uz.m.wikipedia.org/w/index.php?title=Maxsus:RecentChangesLinked&hideWikibase=0&hideminor=1&hidecategorization=0&from=20200905122652&target=Vikipediya%3ARobotlar
https://uz.m.wikipedia.org/w/index.php?title=Maxsus:RecentChangesLinked&from=20200905122654&fromFormatted=12%3A26%2C+5-Sentabr+2020&hidecategorization=0&target=Vikipediya%3ARobotlar,404,https://uz.wikipedia.org/w/index.php?title=Maxsus:RecentChangesLinked&from=20200905122654&fromFormatted=12%3A26%2C+5-Sentabr+2020&hidecategorization=0&target=Vikipediya%3ARobotlar
https://uz.m.wikipedia.org/w/index.php?title=Maxsus:RecentChangesLinked&hideminor=1&hidecategorization=0&from=20200905122652&target=Vikipediya%3ARobotlar,404,https://uz.m.wikipedia.org/w/index.php?title=Maxsus:RecentChangesLinked&hidecategorization=1&hideminor=1&from=20200905122652&target=Vikipediya%3ARobotlar
https://uz.m.wikipedia.org/w/index.php?title=Maxsus:RecentChangesLinked&hidecategorization=0,404,https://uz.m.wikipedia.org/w/index.php?title=Maxsus:RecentChangesLinked&from=20200905122655&fromFormatted=12%3A26%2C+5-Sentabr+2020&hidecategorization=0
https://uz.m.wikipedia.org/w/index.php?title=Maxsus:RecentChangesLinked&from=20200905122655&fromFormatted=12%3A26%2C+5-Sentabr+2020&hideminor=1&hidecategorization=0&target=Vikipediya%3ARobotlar,404,https://uz.m.wikipedia.org/w/index.php?title=Maxsus:RecentChangesLinked&from=20200905122656&fromFormatted=12%3A26%2C+5-Sentabr+2020&hideminor=1&hidecategorization=0&target=Vikipediya%3ARobotlar
https://uz.m.wikipedia.org/w/index.php?title=Maxsus:RecentChangesLinked&hidecategorization=1&from=20200905122652&target=Vikipediya%3ARobotlar,404,https://uz.wikipedia.org/w/index.php?title=Maxsus:RecentChangesLinked&hidecategorization=1&from=20200905122652&target=Vikipediya%3ARobotlar
https://uz.m.wikipedia.org/w/index.php?title=Maxsus:RecentChangesLinked&from=20200905122655&fromFormatted=12%3A26%2C+5-Sentabr+2020&hideminor=1&hidecategorization=0&target=Vikipediya%3ARobotlar,404,https://uz.m.wikipedia.org/w/index.php?title=Maxsus:RecentChangesLinked&hideWikibase=0&hideminor=1&hidecategorization=0&from=20200905122655&target=Vikipediya%3ARobotlar
https://uz.m.wikipedia.org/w/index.php?title=Maxsus:RecentChangesLinked&from=20200905122655&fromFormatted=12%3A26%2C+5-Sentabr+2020&hideminor=1&hidecategorization=0&target=Vikipediya%3ARobotlar,404,https://uz.m.wikipedia.org/w/index.php?title=Maxsus:RecentChangesLinked&hidebots=0&hideminor=1&hidecategorization=0&from=20200905122655&target=Vikipediya%3ARobotlar
https://uz.m.wikipedia.org/w/index.php?title=Maxsus:RecentChangesLinked&hideminor=1&hidecategorization=0&from=20200905122652&target=Vikipediya%3ARobotlar,404,https://uz.wikipedia.org/w/index.php?title=Maxsus:RecentChangesLinked&hideminor=1&hidecategorization=0&from=20200905122652&target=Vikipediya%3ARobotlar
https://uz.m.wikipedia.org/w/index.php?title=Maxsus:RecentChangesLinked&from=20200905122655&fromFormatted=12%3A26%2C+5-Sentabr+2020&hideminor=1&hidecategorization=0&target=Vikipediya%3ARobotlar,404,https://uz.m.wikipedia.org/w/index.php?title=Maxsus:RecentChangesLinked&hidecategorization=1&hideminor=1&from=20200905122655&target=Vikipediya%3ARobotlar
https://uz.m.wikipedia.org/w/index.php?title=Maxsus:RecentChangesLinked&from=20200905122655&fromFormatted=12%3A26%2C+5-Sentabr+2020&hideminor=1&hidecategorization=0&target=Vikipediya%3ARobotlar,404,https://uz.wikipedia.org/w/index.php?title=Maxsus:RecentChangesLinked&from=20200905122655&fromFormatted=12%3A26%2C+5-Sentabr+2020&hideminor=1&hidecategorization=0&target=Vikipediya%3ARobotlar
https://uz.m.wikipedia.org/w/index.php?title=Maxsus:RecentChangesLinked&from=20200905122655&fromFormatted=12%3A26%2C+5-Sentabr+2020&hideminor=1&hidecategorization=0&target=Vikipediya%3ARobotlar,404,https://uz.m.wikipedia.org/w/index.php?title=Maxsus:RecentChangesLinked&hideminor=0&hidecategorization=0&from=20200905122655&target=Vikipediya%3ARobotlar
https://uz.m.wikipedia.org/w/index.php?title=Maxsus:RecentChangesLinked&from=20200905122655&fromFormatted=12%3A26%2C+5-Sentabr+2020&hideminor=1&hidecategorization=0&target=Vikipediya%3ARobotlar,404,https://uz.m.wikipedia.org/w/index.php?title=Maxsus:RecentChangesLinked&hidemyself=1&hideminor=1&hidecategorization=0&from=20200905122655&target=Vikipediya%3ARobotlar
https://uz.m.wikipedia.org/w/index.php?title=Maxsus:RecentChangesLinked&hidebots=0&hideminor=1&hidecategorization=0&from=20200905122655&target=Vikipediya%3ARobotlar,404,https://uz.m.wikipedia.org/w/index.php?title=Maxsus:RecentChangesLinked&from=20200905122657&fromFormatted=12%3A26%2C+5-Sentabr+2020&hidebots=0&hideminor=1&hidecategorization=0&target=Vikipediya%3ARobotlar
https://uz.m.wikipedia.org/w/index.php?title=Maxsus:RecentChangesLinked&from=20200905122656&fromFormatted=12%3A26%2C+5-Sentabr+2020&hideminor=1&hidecategorization=0&target=Vikipediya%3ARobotlar,404,https://uz.m.wikipedia.org/w/index.php?title=Maxsus:RecentChangesLinked&hideWikibase=0&hideminor=1&hidecategorization=0&from=20200905122656&target=Vikipediya%3ARobotlar
https://uz.m.wikipedia.org/w/index.php?title=Maxsus:RecentChangesLinked&hidebots=0&hideminor=1&hidecategorization=0&from=20200905122655&target=Vikipediya%3ARobotlar,404,https://uz.m.wikipedia.org/w/index.php?title=Maxsus:RecentChangesLinked&hidecategorization=1&hidebots=0&hideminor=1&from=20200905122655&target=Vikipediya%3ARobotlar
https://uz.m.wikipedia.org/w/index.php?title=Maxsus:RecentChangesLinked&hidecategorization=1&hideminor=1&from=20200905122652&target=Vikipediya%3ARobotlar,404,https://uz.wikipedia.org/w/index.php?title=Maxsus:RecentChangesLinked&hidecategorization=1&hideminor=1&from=20200905122652&target=Vikipediya%3ARobotlar
https://uz.m.wikipedia.org/w/index.php?title=Maxsus:RecentChangesLinked&from=20200905122655&fromFormatted=12%3A26%2C+5-Sentabr+2020&hideminor=1&hidecategorization=0&target=Vikipediya%3ARobotlar,404,https://uz.m.wikipedia.org/w/index.php?title=Maxsus:RecentChangesLinked&userExpLevel=registered&hideminor=1&hidecategorization=0&from=20200905122655&target=Vikipediya%3ARobotlar
https://uz.m.wikipedia.org/w/index.php?title=Maxsus:RecentChangesLinked&hideminor=0&hidecategorization=0&from=20200905122655&target=Vikipediya%3ARobotlar,404,https://uz.m.wikipedia.org/w/index.php?title=Maxsus:RecentChangesLinked&from=20200905122657&fromFormatted=12%3A26%2C+5-Sentabr+2020&hidecategorization=0&target=Vikipediya%3ARobotlar
https://uz.m.wikipedia.org/w/index.php?title=Maxsus:RecentChangesLinked&hideminor=0&hidecategorization=0&from=20200905122655&target=Vikipediya%3ARobotlar,404,https://uz.m.wikipedia.org/w/index.php?title=Maxsus:RecentChangesLinked&hideWikibase=0&hidecategorization=0&from=20200905122655&target=Vikipediya%3ARobotlar
https://uz.m.wikipedia.org/w/index.php?title=Maxsus:RecentChangesLinked&hidemyself=1&hideminor=1&hidecategorization=0&from=20200905122655&target=Vikipediya%3ARobotlar,404,https://uz.m.wikipedia.org/w/index.php?title=Maxsus:RecentChangesLinked&from=20200905122657&fromFormatted=12%3A26%2C+5-Sentabr+2020&hidemyself=1&hideminor=1&hidecategorization=0&target=Vikipediya%3ARobotlar
https://uz.m.wikipedia.org/w/index.php?title=Maxsus:RecentChangesLinked&hidecategorization=1&hidebots=0&hideminor=1&from=20200905122655&target=Vikipediya%3ARobotlar,404,https://uz.m.wikipedia.org/w/index.php?title=Maxsus:RecentChangesLinked&from=20200905122657&fromFormatted=12%3A26%2C+5-Sentabr+2020&hidebots=0&hideminor=1&target=Vikipediya%3ARobotlar
https://uz.m.wikipedia.org/w/index.php?title=Maxsus:RecentChangesLinked&hidecategorization=1&hidebots=0&hideminor=1&from=20200905122655&target=Vikipediya%3ARobotlar,404,https://uz.m.wikipedia.org/w/index.php?title=Maxsus:RecentChangesLinked&hidebots=1&hideminor=1&from=20200905122655&target=Vikipediya%3ARobotlar
https://uz.m.wikipedia.org/w/index.php?title=Maxsus:RecentChangesLinked&hidecategorization=1&hidebots=0&hideminor=1&from=20200905122655&target=Vikipediya%3ARobotlar,404,https://uz.m.wikipedia.org/w/index.php?title=Maxsus:RecentChangesLinked&hideminor=0&hidebots=0&from=20200905122655&target=Vikipediya%3ARobotlar
https://uz.m.wikipedia.org/w/index.php?title=Maxsus:RecentChangesLinked&from=20200905122657&fromFormatted=12%3A26%2C+5-Sentabr+2020&hidecategorization=0&target=Vikipediya%3ARobotlar,404,https://uz.m.wikipedia.org/w/index.php?title=Maxsus:RecentChangesLinked&hideWikibase=0&hidecategorization=0&from=20200905122657&target=Vikipediya%3ARobotlar
https://uz.m.wikipedia.org/w/index.php?title=Maxsus:RecentChangesLinked&from=20200905122657&fromFormatted=12%3A26%2C+5-Sentabr+2020&hidecategorization=0&target=Vikipediya%3ARobotlar,404,https://uz.m.wikipedia.org/w/index.php?title=Maxsus:RecentChangesLinked&from=20200905122658&fromFormatted=12%3A26%2C+5-Sentabr+2020&hidecategorization=0&target=Vikipediya%3ARobotlar
https://uz.m.wikipedia.org/w/index.php?title=Maxsus:RecentChangesLinked&hideWikibase=0&hidecategorization=0&from=20200905122655&target=Vikipediya%3ARobotlar,404,https://uz.m.wikipedia.org/w/index.php?title=Maxsus:RecentChangesLinked&hideWikibase=1&hidecategorization=0&from=20200905122655&target=Vikipediya%3ARobotlar
https://uz.m.wikipedia.org/w/index.php?title=Maxsus:RecentChangesLinked&hidecategorization=1&hidebots=0&hideminor=1&from=20200905122655&target=Vikipediya%3ARobotlar,404,https://uz.wikipedia.org/w/index.php?title=Maxsus:RecentChangesLinked&hidecategorization=1&hidebots=0&hideminor=1&from=20200905122655&target=Vikipediya%3ARobotlar
https://uz.m.wikipedia.org/w/index.php?title=Maxsus:RecentChangesLinked&hideWikibase=0&hidecategorization=0&from=20200905122655&target=Vikipediya%3ARobotlar,404,https://uz.m.wikipedia.org/w/index.php?title=Maxsus:RecentChangesLinked&from=20200905122658&fromFormatted=12%3A26%2C+5-Sentabr+2020&hidecategorization=0&hideWikibase=0&target=Vikipediya%3ARobotlar
https://uz.m.wikipedia.org/w/index.php?title=Maxsus:RecentChangesLinked&hidecategorization=1&hidebots=0&hideminor=1&from=20200905122655&target=Vikipediya%3ARobotlar,404,https://uz.m.wikipedia.org/w/index.php?title=Maxsus:RecentChangesLinked&hideWikibase=0&hidebots=0&hideminor=1&from=20200905122655&target=Vikipediya%3ARobotlar
https://uz.m.wikipedia.org/w/index.php?title=Maxsus:RecentChangesLinked&from=20200905122657&fromFormatted=12%3A26%2C+5-Sentabr+2020&hidemyself=1&hideminor=1&hidecategorization=0&target=Vikipediya%3ARobotlar,404,https://uz.m.wikipedia.org/w/index.php?title=Maxsus:RecentChangesLinked&from=20200905122658&fromFormatted=12%3A26%2C+5-Sentabr+2020&hidemyself=1&hideminor=1&hidecategorization=0&target=Vikipediya%3ARobotlar
https://uz.m.wikipedia.org/w/index.php?title=Maxsus:RecentChangesLinked&hideWikibase=0&hideminor=1&hidecategorization=0&from=20200905122656&target=Vikipediya%3ARobotlar,404,https://uz.wikipedia.org/w/index.php?title=Maxsus:RecentChangesLinked&hideWikibase=0&hideminor=1&hidecategorization=0&from=20200905122656&target=Vikipediya%3ARobotlar
https://uz.m.wikipedia.org/w/index.php?title=Maxsus:RecentChangesLinked&hidebots=1&hideminor=1&from=20200905122655&target=Vikipediya%3ARobotlar,404,https://uz.m.wikipedia.org/w/index.php?title=Maxsus:RecentChangesLinked&from=20200905122658&fromFormatted=12%3A26%2C+5-Sentabr+2020&hideminor=1&target=Vikipediya%3ARobotlar
https://uz.m.wikipedia.org/w/index.php?title=Maxsus:RecentChangesLinked&from=20200905122657&fromFormatted=12%3A26%2C+5-Sentabr+2020&hidebots=0&hideminor=1&target=Vikipediya%3ARobotlar,404,https://uz.wikipedia.org/w/index.php?title=Maxsus:RecentChangesLinked&from=20200905122657&fromFormatted=12%3A26%2C+5-Sentabr+2020&hidebots=0&hideminor=1&target=Vikipediya%3ARobotlar
https://uz.m.wikipedia.org/w/index.php?title=Maxsus:RecentChangesLinked&hideminor=0&hidebots=0&from=20200905122655&target=Vikipediya%3ARobotlar,404,https://uz.m.wikipedia.org/w/index.php?title=Maxsus:RecentChangesLinked&from=20200905122658&fromFormatted=12%3A26%2C+5-Sentabr+2020&hidebots=0&target=Vikipediya%3ARobotlar
https://uz.m.wikipedia.org/w/index.php?title=Maxsus:RecentChangesLinked&hideminor=0&hidebots=0&from=20200905122655&target=Vikipediya%3ARobotlar,404,https://uz.m.wikipedia.org/w/index.php?title=Maxsus:RecentChangesLinked&hideWikibase=0&hidebots=0&from=20200905122655&target=Vikipediya%3ARobotlar
https://uz.m.wikipedia.org/w/index.php?title=Maxsus:RecentChangesLinked&from=20200905122657&fromFormatted=12%3A26%2C+5-Sentabr+2020&hidemyself=1&hideminor=1&hidecategorization=0&target=Vikipediya%3ARobotlar,404,https://uz.wikipedia.org/w/index.php?title=Maxsus:RecentChangesLinked&from=20200905122657&fromFormatted=12%3A26%2C+5-Sentabr+2020&hidemyself=1&hideminor=1&hidecategorization=0&target=Vikipediya%3ARobotlar
https://uz.m.wikipedia.org/w/index.php?title=Maxsus:RecentChangesLinked&hideWikibase=0&hidebots=0&hideminor=1&from=20200905122655&target=Vikipediya%3ARobotlar,404,https://uz.m.wikipedia.org/w/index.php?title=Maxsus:RecentChangesLinked&from=20200905122658&fromFormatted=12%3A26%2C+5-Sentabr+2020&hidebots=0&hideminor=1&hideWikibase=0&target=Vikipediya%3ARobotlar
https://uz.m.wikipedia.org/w/index.php?title=Maxsus:RecentChangesLinked&hideWikibase=0&hidebots=0&hideminor=1&from=20200905122655&target=Vikipediya%3ARobotlar,404,https://uz.m.wikipedia.org/w/index.php?title=Maxsus:RecentChangesLinked&hideWikibase=1&hidebots=0&hideminor=1&from=20200905122655&target=Vikipediya%3ARobotlar
https://uz.m.wikipedia.org/w/index.php?title=Maxsus:RecentChangesLinked&from=20200905122657&fromFormatted=12%3A26%2C+5-Sentabr+2020&hidecategorization=0&target=Vikipediya%3ARobotlar,404,https://uz.wikipedia.org/w/index.php?title=Maxsus:RecentChangesLinked&from=20200905122657&fromFormatted=12%3A26%2C+5-Sentabr+2020&hidecategorization=0&target=Vikipediya%3ARobotlar
https://uz.m.wikipedia.org/w/index.php?title=Maxsus:RecentChangesLinked&from=20200905122658&fromFormatted=12%3A26%2C+5-Sentabr+2020&hidecategorization=0&target=Vikipediya%3ARobotlar,404,https://uz.wikipedia.org/w/index.php?title=Maxsus:RecentChangesLinked&from=20200905122658&fromFormatted=12%3A26%2C+5-Sentabr+2020&hidecategorization=0&target=Vikipediya%3ARobotlar
https://uz.m.wikipedia.org/w/index.php?title=Maxsus:RecentChangesLinked&from=20200905122658&fromFormatted=12%3A26%2C+5-Sentabr+2020&hidemyself=1&hideminor=1&hidecategorization=0&target=Vikipediya%3ARobotlar,404,https://uz.m.wikipedia.org/w/index.php?title=Maxsus:RecentChangesLinked&from=20200905122659&fromFormatted=12%3A26%2C+5-Sentabr+2020&hidemyself=1&hideminor=1&hidecategorization=0&target=Vikipediya%3ARobotlar
https://uz.m.wikipedia.org/w/index.php?title=Maxsus:RecentChangesLinked&from=20200905122658&fromFormatted=12%3A26%2C+5-Sentabr+2020&hideminor=1&target=Vikipediya%3ARobotlar,404,https://uz.m.wikipedia.org/w/index.php?title=Maxsus:RecentChangesLinked&hideminor=0&from=20200905122658&target=Vikipediya%3ARobotlar
https://uz.m.wikipedia.org/w/index.php?title=Maxsus:RecentChangesLinked&from=20200905122658&fromFormatted=12%3A26%2C+5-Sentabr+2020&hideminor=1&target=Vikipediya%3ARobotlar,404,https://uz.m.wikipedia.org/w/index.php?title=Maxsus:RecentChangesLinked&hidebots=0&hideminor=1&from=20200905122658&target=Vikipediya%3ARobotlar
https://uz.m.wikipedia.org/w/index.php?title=Maxsus:RecentChangesLinked&from=20200905122658&fromFormatted=12%3A26%2C+5-Sentabr+2020&hidemyself=1&hideminor=1&hidecategorization=0&target=Vikipediya%3ARobotlar,404,https://uz.wikipedia.org/w/index.php?title=Maxsus:RecentChangesLinked&from=20200905122658&fromFormatted=12%3A26%2C+5-Sentabr+2020&hidemyself=1&hideminor=1&hidecategorization=0&target=Vikipediya%3ARobotlar
https://uz.m.wikipedia.org/w/index.php?title=Maxsus:RecentChangesLinked&from=20200905122658&fromFormatted=12%3A26%2C+5-Sentabr+2020&hidebots=0&target=Vikipediya%3ARobotlar,404,https://uz.wikipedia.org/w/index.php?title=Maxsus:RecentChangesLinked&from=20200905122658&fromFormatted=12%3A26%2C+5-Sentabr+2020&hidebots=0&target=Vikipediya%3ARobotlar
https://uz.m.wikipedia.org/w/index.php?title=Maxsus:RecentChangesLinked&from=20200905122659&fromFormatted=12%3A26%2C+5-Sentabr+2020&hidemyself=1&hideminor=1&hidecategorization=0&target=Vikipediya%3ARobotlar,404,https://uz.m.wikipedia.org/w/index.php?title=Maxsus:RecentChangesLinked&hideminor=0&hidemyself=1&hidecategorization=0&from=20200905122659&target=Vikipediya%3ARobotlar
https://uz.m.wikipedia.org/w/index.php?title=Maxsus:RecentChangesLinked&from=20200905122659&fromFormatted=12%3A26%2C+5-Sentabr+2020&hidemyself=1&hideminor=1&hidecategorization=0&target=Vikipediya%3ARobotlar,404,https://uz.m.wikipedia.org/w/index.php?title=Maxsus:RecentChangesLinked&hidecategorization=1&hidemyself=1&hideminor=1&from=20200905122659&target=Vikipediya%3ARobotlar
https://uz.m.wikipedia.org/w/index.php?title=Maxsus:RecentChangesLinked&from=20200905122658&fromFormatted=12%3A26%2C+5-Sentabr+2020&hidebots=0&hideminor=1&hideWikibase=0&target=Vikipediya%3ARobotlar,404,https://uz.m.wikipedia.org/w/index.php?title=Maxsus:RecentChangesLinked&hidemyself=1&hidebots=0&hideminor=1&hideWikibase=0&from=20200905122658&target=Vikipediya%3ARobotlar
https://uz.m.wikipedia.org/w/index.php?title=Maxsus:RecentChangesLinked&from=20200905122658&fromFormatted=12%3A26%2C+5-Sentabr+2020&hidebots=0&hideminor=1&hideWikibase=0&target=Vikipediya%3ARobotlar,404,https://uz.wikipedia.org/w/index.php?title=Maxsus:RecentChangesLinked&from=20200905122658&fromFormatted=12%3A26%2C+5-Sentabr+2020&hidebots=0&hideminor=1&hideWikibase=0&target=Vikipediya%3ARobotlar
https://uz.m.wikipedia.org/w/index.php?title=Maxsus:RecentChangesLinked&from=20200905122659&fromFormatted=12%3A26%2C+5-Sentabr+2020&hidemyself=1&hideminor=1&hidecategorization=0&target=Vikipediya%3ARobotlar,404,https://uz.m.wikipedia.org/w/index.php?title=Maxsus:RecentChangesLinked&hideWikibase=0&hidemyself=1&hideminor=1&hidecategorization=0&from=20200905122659&target=Vikipediya%3ARobotlar
https://uz.m.wikipedia.org/w/index.php?title=Maxsus:RecentChangesLinked&hidecategorization=1&hidemyself=1&hideminor=1&from=20200905122659&target=Vikipediya%3ARobotlar,404,https://uz.m.wikipedia.org/w/index.php?title=Maxsus:RecentChangesLinked&hideWikibase=0&hidemyself=1&hideminor=1&from=20200905122659&target=Vikipediya%3ARobotlar
https://uz.m.wikipedia.org/w/index.php?title=Maxsus:RecentChangesLinked&hidecategorization=1&hidemyself=1&hideminor=1&from=20200905122659&target=Vikipediya%3ARobotlar,404,https://uz.m.wikipedia.org/w/index.php?title=Maxsus:RecentChangesLinked&from=20200905122700&fromFormatted=12%3A27%2C+5-Sentabr+2020&hidemyself=1&hideminor=1&target=Vikipediya%3ARobotlar
https://uz.m.wikipedia.org/w/index.php?title=Maxsus:RecentChangesLinked&from=20200905122658&fromFormatted=12%3A26%2C+5-Sentabr+2020&hideminor=1&target=Vikipediya%3ARobotlar,404,https://uz.wikipedia.org/w/index.php?title=Maxsus:RecentChangesLinked&from=20200905122658&fromFormatted=12%3A26%2C+5-Sentabr+2020&hideminor=1&target=Vikipediya%3ARobotlar
https://uz.m.wikipedia.org/w/index.php?title=Maxsus:RecentChangesLinked&hidemyself=1&hidebots=0&hideminor=1&hideWikibase=0&from=20200905122658&target=Vikipediya%3ARobotlar,404,https://uz.m.wikipedia.org/w/index.php?title=Maxsus:RecentChangesLinked&from=20200905122701&fromFormatted=12%3A27%2C+5-Sentabr+2020&hidemyself=1&hidebots=0&hideminor=1&hideWikibase=0&target=Vikipediya%3ARobotlar
https://uz.m.wikipedia.org/w/index.php?title=Maxsus:RecentChangesLinked&hidemyself=1&hidebots=0&hideminor=1&hideWikibase=0&from=20200905122658&target=Vikipediya%3ARobotlar,404,https://uz.m.wikipedia.org/w/index.php?title=Maxsus:RecentChangesLinked&hideWikibase=1&hidemyself=1&hidebots=0&hideminor=1&from=20200905122658&target=Vikipediya%3ARobotlar
https://uz.m.wikipedia.org/w/index.php?title=Maxsus:RecentChangesLinked&hidemyself=1&hidebots=0&hideminor=1&hideWikibase=0&from=20200905122658&target=Vikipediya%3ARobotlar,404,https://uz.m.wikipedia.org/w/index.php?title=Maxsus:RecentChangesLinked&hidecategorization=0&hidemyself=1&hidebots=0&hideminor=1&hideWikibase=0&from=20200905122658&target=Vikipediya%3ARobotlar
https://uz.m.wikipedia.org/w/index.php?title=Maxsus:RecentChangesLinked&hidecategorization=1&hidemyself=1&hideminor=1&from=20200905122659&target=Vikipediya%3ARobotlar,404,https://uz.wikipedia.org/w/index.php?title=Maxsus:RecentChangesLinked&hidecategorization=1&hidemyself=1&hideminor=1&from=20200905122659&target=Vikipediya%3ARobotlar
https://uz.m.wikipedia.org/w/index.php?title=Maxsus:RecentChangesLinked&hideWikibase=0&hidemyself=1&hideminor=1&from=20200905122659&target=Vikipediya%3ARobotlar,404,https://uz.wikipedia.org/w/index.php?title=Maxsus:RecentChangesLinked&hideWikibase=0&hidemyself=1&hideminor=1&from=20200905122659&target=Vikipediya%3ARobotlar
